Rank,gene_ncbi,"Lek et al., 2016: exome variation, syn_z","Lek et al., 2016: exome variation, mis_z","Lek et al., 2016: exome variation, lof_z","Lek et al., 2016: exome variation, pLI","Lek et al., 2016: exome variation, pRec","Lek et al., 2016: exome variation, pNull","Lek et al., 2016: exome variation, exp_syn","Lek et al., 2016: exome variation, exp_mis","Lek et al., 2016: exome variation, exp_lof",Aminoacids_swiss_or_trembl: A,Protein: cysteine,Protein: aspartic acid,Protein: glutamic acid,Protein: phenylalanine,Protein: glycine,Protein: histidine,Protein: isoleucine,Protein: lysine,Protein: Leucine,Protein: methionine,Protein: asparagine,Protein: proline,Protein: glutamine,Protein: arginine,Protein: serine,Protein: threonine,Protein: selenocysteine,Protein: valine,Protein: tryptophan,Protein: tyrosine,Protein: acidic amino acids,Protein: length,Protein: aromatic amino acids,Protein: basic amino acids,Protein: charged amino acids,Protein: GRAVY score of hydrophobicity,Protein: helix-affine amino acids,Protein: hydrophobic amino acids,Protein: isoelectric point,Protein: molecular weight,Protein: polar amino acids,Protein: uncharged polar amino acids,Protein: sheet affine amino acids,Protein: turn affine amino acids,Chromosome identifier,"Itzhak et al., 2016: protein localization, high curvature ER","Itzhak et al., 2016: protein localization, ERGIC/cisGolgi","Itzhak et al., 2016: protein localization, large protein complex","Itzhak et al., 2016: protein localization, nuclear pore complex","Itzhak et al., 2016: protein localization, actin binding proteins","Itzhak et al., 2016: protein localization, endosome","Itzhak et al., 2016: protein localization, peroxisome","Itzhak et al., 2016: protein localization, Golgi","Itzhak et al., 2016: protein localization, mitochondrion","Itzhak et al., 2016: protein localization, ER","Itzhak et al., 2016: protein localization, plasma membrane","Itzhak et al., 2016: protein localization, lysosome","Itzhak et al., 2016: protein localization, cytosolic pool","Blomen et al., 2015: total sense (KBM7 cells)","Blomen et al., 2015: total antisense (KBM7 cells)","Blomen et al., 2015: p value (KBM7 cells)","Blomen et al., 2015: q value (KBM7 cells)","Blomen et al., 2015: total antisense (HAP1 cells)","Blomen et al., 2015: p value (HAP1 cells)","Blomen et al., 2015: q value (HAP1 cells)","Hart et al., 2015: gene essentiality in A375 GeCKo","Hart et al., 2015: gene essentiality in DLD1","Hart et al., 2015: gene essentiality in GBM","Hart et al., 2015: gene essentiality in HCT116","Hart et al., 2015: gene essentiality in HeLa","Hart et al., 2015: gene essentiality in Rpe1","Wang et al., 2015: CRISPR score: KBM7","Wang et al., 2015: CRISPR score: Jiyoye","Wang et al., 2015: CRISPR score: Raji",Coding sequence of validated RNA: alanine,Coding sequence of validated RNA: AAA,Coding sequence of validated RNA: AAC,Coding sequence of validated RNA: AAG,Coding sequence of validated RNA: AAT,Coding sequence of validated RNA: ACA,Coding sequence of genomically predicted RNA: alanine,Coding sequence of genomically predicted RNA: AAA,Coding sequence of genomically predicted RNA: AAC,Coding sequence of genomically predicted RNA: AAG,Coding sequence of genomically predicted RNA: AAT,Coding sequence of genomically predicted RNA: ACA,Coding sequence of genomically predicted RNA: ACC,Coding sequence of genomically predicted RNA: ACG,Coding sequence of genomically predicted RNA: ACT,Coding sequence of genomically predicted RNA: AGA,Coding sequence of genomically predicted RNA: AGC,Coding sequence of genomically predicted RNA: AGG,Coding sequence of genomically predicted RNA: AGT,Coding sequence of genomically predicted RNA: ATA,Coding sequence of genomically predicted RNA: ATC,Coding sequence of genomically predicted RNA: ATG,Coding sequence of genomically predicted RNA: ATT,Coding sequence of genomically predicted RNA: cytosine,Coding sequence of genomically predicted RNA: CAA,Coding sequence of genomically predicted RNA: CAC,Coding sequence of genomically predicted RNA: CAG,Coding sequence of genomically predicted RNA: CAT,Coding sequence of genomically predicted RNA: CCA,Coding sequence of genomically predicted RNA: CCC,Coding sequence of genomically predicted RNA: CCG,Coding sequence of genomically predicted RNA: CCT,Coding sequence of genomically predicted RNA: CG content,Coding sequence of genomically predicted RNA: CGA,Coding sequence of genomically predicted RNA: CGC,Coding sequence of genomically predicted RNA: CGG,Coding sequence of genomically predicted RNA: CGT,Coding sequence of genomically predicted RNA: CTA,Coding sequence of genomically predicted RNA: CTC,Coding sequence of genomically predicted RNA: CTG,Coding sequence of genomically predicted RNA: CTT,Coding sequence of genomically predicted RNA: guanine,Coding sequence of genomically predicted RNA: GAA,Coding sequence of genomically predicted RNA: GAC,Coding sequence of genomically predicted RNA: GAG,Coding sequence of genomically predicted RNA: GAT,Coding sequence of genomically predicted RNA: GCA,Coding sequence of genomically predicted RNA: GCC,Coding sequence of genomically predicted RNA: GCG,Coding sequence of genomically predicted RNA: GCT,Coding sequence of genomically predicted RNA: GGA,Coding sequence of genomically predicted RNA: GGC,Coding sequence of genomically predicted RNA: GGG,Coding sequence of genomically predicted RNA: GGT,Coding sequence of genomically predicted RNA: GTA,Coding sequence of genomically predicted RNA: GTC,Coding sequence of genomically predicted RNA: GTG,Coding sequence of genomically predicted RNA: GTT,Coding sequence of genomically predicted RNA: length,Coding sequence of genomically predicted RNA: thymidine,Coding sequence of genomically predicted RNA: TAA,Coding sequence of genomically predicted RNA: TAC,Coding sequence of genomically predicted RNA: TAG,Coding sequence of genomically predicted RNA: TAT,Coding sequence of genomically predicted RNA: TCA,Coding sequence of genomically predicted RNA: TCC,Coding sequence of genomically predicted RNA: TCG,Coding sequence of genomically predicted RNA: TCT,Coding sequence of genomically predicted RNA: TGA,Coding sequence of genomically predicted RNA: TGC,Coding sequence of genomically predicted RNA: TGG,Coding sequence of genomically predicted RNA: TGT,Coding sequence of genomically predicted RNA: TTA,Coding sequence of genomically predicted RNA: TTC,Coding sequence of genomically predicted RNA: TTG,Coding sequence of genomically predicted RNA: TTT,Coding sequence of genomically predicted RNA: codon bias (CDS method),Coding sequence of genomically predicted RNA: codon bias (Novembre's method),Coding sequence of genomically predicted RNA: codon bias (RCBS method),Coding sequence of genomically predicted RNA: codon bias (SCUO method),Coding sequence of genomically predicted RNA: codon bias (Sun's method),Coding sequence of genomically predicted RNA: codon bias (Wright's method),Coding sequence of validated RNA: ACC,Coding sequence of validated RNA: ACG,Coding sequence of validated RNA: ACT,Coding sequence of validated RNA: AGA,Coding sequence of validated RNA: AGC,Coding sequence of validated RNA: AGG,Coding sequence of validated RNA: AGT,Coding sequence of validated RNA: ATA,Coding sequence of validated RNA: ATC,Coding sequence of validated RNA: ATG,Coding sequence of validated RNA: ATT,Coding sequence of validated RNA: cytosine,Coding sequence of validated RNA: CAA,Coding sequence of validated RNA: CAC,Coding sequence of validated RNA: CAG,Coding sequence of validated RNA: CAT,Coding sequence of validated RNA: CCA,Coding sequence of validated RNA: CCC,Coding sequence of validated RNA: CCG,Coding sequence of validated RNA: CCT,Coding sequence of validated RNA: CG,Coding sequence of validated RNA: CGA,Coding sequence of validated RNA: CGC,Coding sequence of validated RNA: CGG,Coding sequence of validated RNA: CGT,Coding sequence of validated RNA: CTA,Coding sequence of validated RNA: CTC,Coding sequence of validated RNA: CTG,Coding sequence of validated RNA: CTT,Coding sequence of validated RNA: guanine,Coding sequence of validated RNA: GAA,Coding sequence of validated RNA: GAC,Coding sequence of validated RNA: GAG,Coding sequence of validated RNA: GAT,Coding sequence of validated RNA: GCA,Coding sequence of validated RNA: GCC,Coding sequence of validated RNA: GCG,Coding sequence of validated RNA: GCT,Coding sequence of validated RNA: GGA,Coding sequence of validated RNA: GGC,Coding sequence of validated RNA: GGG,Coding sequence of validated RNA: GGT,Coding sequence of validated RNA: GTA,Coding sequence of validated RNA: GTC,Coding sequence of validated RNA: GTG,Coding sequence of validated RNA: GTT,Coding sequence of validated RNA: length,Coding sequence of validated RNA: uracil,Coding sequence of validated RNA: TAA,Coding sequence of validated RNA: TAC,Coding sequence of validated RNA: TAG,Coding sequence of validated RNA: TAT,Coding sequence of validated RNA: TCA,Coding sequence of validated RNA: TCC,Coding sequence of validated RNA: TCG,Coding sequence of validated RNA: TCT,Coding sequence of validated RNA: TGA,Coding sequence of validated RNA: TGC,Coding sequence of validated RNA: TGG,Coding sequence of validated RNA: TGT,Coding sequence of validated RNA: TTA,Coding sequence of validated RNA: TTC,Coding sequence of validated RNA: TTG,Coding sequence of validated RNA: TTT,Coding sequence of validated RNA: codon bias (CDS method),Coding sequence of validated RNA: codon bias (Novembre's method),Coding sequence of validated RNA: codon bias (RCBS method),Coding sequence of validated RNA: codon bias (SCUO method),Coding sequence of validated RNA: codon bias (Sun's method),Coding sequence of validated RNA: codon bias (Wright's method),Coding sequence of validated RNA: alanine.1,Coding sequence of validated RNA: cytosine.1,Coding sequence of validated RNA: CG content,Coding sequence of validated RNA: guanine.1,Coding sequence of validated RNA: length.1,Coding sequence of validated RNA: tymidine,RNA: alanine,RNA: cytosine,RNA: CG content,RNA: guanine,RNA: length,RNA: tymidine,"Itzhak et al., 2016: protein abundance: estimated copy number per cell","Itzhak et al., 2016: protein abundance: copy number of abundance percentile","Itzhak et al., 2016: protein abundance: median cellular concentration [nM]","Itzhak et al., 2016: protein abundance: contribution to cell protein mass [ppm]","Protein: repeats, length","Protein: repeats, number of repeats","Protein: repeats, RADAR score","Protein: low complexity, total amino acids","Protein: low complexity, fraction of protein","Protein: low complexity, length of longest","Protein: low complexity, fraction occupied by longest low complexity region","Protein: low complexity, regions","Protein: low complexity, regions larger than 5 amino acids","Protein: low complexity, regions larger than 10 amino acids","Protein: low complexity, regions larger than 20 amino acids","Protein: low complexity, regions larger than 40 amino acids","Protein: signal peptide, predicted cleavage","Protein: signal peptide, cmax score of SignalP","Protein: signal peptide, presence of four transmembrane residues","Protein: signal peptide, start position of mature protein","Leuenberger et al., 2017: Protein stability: Tm peptide","Leuenberger et al., 2017: Protein stability: Tm protein","Leuenberger et al., 2017: Protein stability: Tm 90percentile","Uhlen et al., 2015: RNA expression, log10 FPKM: a431","Uhlen et al., 2015: RNA expression, log10 FPKM: a549","Uhlen et al., 2015: RNA expression, log10 FPKM: an3ca","Uhlen et al., 2015: RNA expression, log10 FPKM: bewo","Uhlen et al., 2015: RNA expression, log10 FPKM: bj","Uhlen et al., 2015: RNA expression, log10 FPKM: caco2","Uhlen et al., 2015: RNA expression, log10 FPKM: capan2","Uhlen et al., 2015: RNA expression, log10 FPKM: daudi","Uhlen et al., 2015: RNA expression, log10 FPKM: efo21","Uhlen et al., 2015: RNA expression, log10 FPKM: hacat","Uhlen et al., 2015: RNA expression, log10 FPKM: hek293","Uhlen et al., 2015: RNA expression, log10 FPKM: hela","Uhlen et al., 2015: RNA expression, log10 FPKM: hel","Uhlen et al., 2015: RNA expression, log10 FPKM: hepg2","Uhlen et al., 2015: RNA expression, log10 FPKM: hl60","Uhlen et al., 2015: RNA expression, log10 FPKM: hmc1","Uhlen et al., 2015: RNA expression, log10 FPKM: k562","Uhlen et al., 2015: RNA expression, log10 FPKM: karpas707","Uhlen et al., 2015: RNA expression, log10 FPKM: reh","Uhlen et al., 2015: RNA expression, log10 FPKM: mcf7","Uhlen et al., 2015: RNA expression, log10 FPKM: molt4","Uhlen et al., 2015: RNA expression, log10 FPKM: nb4","Uhlen et al., 2015: RNA expression, log10 FPKM: nes","Uhlen et al., 2015: RNA expression, log10 FPKM: ntera2","Uhlen et al., 2015: RNA expression, log10 FPKM: pc3","Uhlen et al., 2015: RNA expression, log10 FPKM: rh30","Uhlen et al., 2015: RNA expression, log10 FPKM: rpmi8226","Uhlen et al., 2015: RNA expression, log10 FPKM: rt4","Uhlen et al., 2015: RNA expression, log10 FPKM: sclc21h","Uhlen et al., 2015: RNA expression, log10 FPKM: shsy5y","Uhlen et al., 2015: RNA expression, log10 FPKM: skbr3","Uhlen et al., 2015: RNA expression, log10 FPKM: skmel30","Uhlen et al., 2015: RNA expression, log10 FPKM: t47d","Uhlen et al., 2015: RNA expression, log10 FPKM: thp1","Uhlen et al., 2015: RNA expression, log10 FPKM: u138mg","Uhlen et al., 2015: RNA expression, log10 FPKM: u2197","Uhlen et al., 2015: RNA expression, log10 FPKM: u251mg","Uhlen et al., 2015: RNA expression, log10 FPKM: u26684","Uhlen et al., 2015: RNA expression, log10 FPKM: u266","Uhlen et al., 2015: RNA expression, log10 FPKM: u2os","Uhlen et al., 2015: RNA expression, log10 FPKM: u698","Uhlen et al., 2015: RNA expression, log10 FPKM: u87","Uhlen et al., 2015: RNA expression, log10 FPKM: u937","Uhlen et al., 2015: RNA expression, log10 FPKM: wm115","Uhlen et al., 2015: RNA expression, log10 FPKM: kidney_a","Uhlen et al., 2015: RNA expression, log10 FPKM: kidney_b","Uhlen et al., 2015: RNA expression, log10 FPKM: kidney_c","Uhlen et al., 2015: RNA expression, log10 FPKM: kidney_d","Uhlen et al., 2015: RNA expression, log10 FPKM: liver_a","Uhlen et al., 2015: RNA expression, log10 FPKM: liver_c","Uhlen et al., 2015: RNA expression, log10 FPKM: liver_d","Uhlen et al., 2015: RNA expression, log10 FPKM: pancreas_6a","Uhlen et al., 2015: RNA expression, log10 FPKM: pancreas_6b","Uhlen et al., 2015: RNA expression, log10 FPKM: lung_3e","Uhlen et al., 2015: RNA expression, log10 FPKM: lung_3f","Uhlen et al., 2015: RNA expression, log10 FPKM: lung_4a","Uhlen et al., 2015: RNA expression, log10 FPKM: lung_4d","Uhlen et al., 2015: RNA expression, log10 FPKM: lung_4b","Uhlen et al., 2015: RNA expression, log10 FPKM: prostate_4a","Uhlen et al., 2015: RNA expression, log10 FPKM: prostate_4b","Uhlen et al., 2015: RNA expression, log10 FPKM: prostate_4c","Uhlen et al., 2015: RNA expression, log10 FPKM: prostate_a","Uhlen et al., 2015: RNA expression, log10 FPKM: brain_3b","Uhlen et al., 2015: RNA expression, log10 FPKM: brain_3c","Uhlen et al., 2015: RNA expression, log10 FPKM: brain_a","Uhlen et al., 2015: RNA expression, log10 FPKM: stomach_a","Uhlen et al., 2015: RNA expression, log10 FPKM: stomach_3a","Uhlen et al., 2015: RNA expression, log10 FPKM: stomach_3b","Uhlen et al., 2015: RNA expression, log10 FPKM: spleen_3a","Uhlen et al., 2015: RNA expression, log10 FPKM: spleen_3b","Uhlen et al., 2015: RNA expression, log10 FPKM: spleen_3c","Uhlen et al., 2015: RNA expression, log10 FPKM: spleen_3d","Uhlen et al., 2015: RNA expression, log10 FPKM: lymphnode_4a","Uhlen et al., 2015: RNA expression, log10 FPKM: lymphnode_4b","Uhlen et al., 2015: RNA expression, log10 FPKM: lymphnode_5a","Uhlen et al., 2015: RNA expression, log10 FPKM: lymphnode_5b","Uhlen et al., 2015: RNA expression, log10 FPKM: lymphnode_5c","Uhlen et al., 2015: RNA expression, log10 FPKM: appendices_4a","Uhlen et al., 2015: RNA expression, log10 FPKM: appendices_4b","Uhlen et al., 2015: RNA expression, log10 FPKM: appendices_4c","Uhlen et al., 2015: RNA expression, log10 FPKM: adrenal_4a","Uhlen et al., 2015: RNA expression, log10 FPKM: adrenal_4c","Uhlen et al., 2015: RNA expression, log10 FPKM: adrenal_4d","Uhlen et al., 2015: RNA expression, log10 FPKM: fat_e","Uhlen et al., 2015: RNA expression, log10 FPKM: fat_a.V1","Uhlen et al., 2015: RNA expression, log10 FPKM: fat_x1.V2","Uhlen et al., 2015: RNA expression, log10 FPKM: fat_8a","Uhlen et al., 2015: RNA expression, log10 FPKM: fat_8b","Uhlen et al., 2015: RNA expression, log10 FPKM: endometrium_4a","Uhlen et al., 2015: RNA expression, log10 FPKM: endometrium_4b","Uhlen et al., 2015: RNA expression, log10 FPKM: endometrium_5a","Uhlen et al., 2015: RNA expression, log10 FPKM: endometrium_8a","Uhlen et al., 2015: RNA expression, log10 FPKM: endometrium_8b","Uhlen et al., 2015: RNA expression, log10 FPKM: placenta_3a","Uhlen et al., 2015: RNA expression, log10 FPKM: placenta_6a","Uhlen et al., 2015: RNA expression, log10 FPKM: placenta_6b","Uhlen et al., 2015: RNA expression, log10 FPKM: placenta_6c","Uhlen et al., 2015: RNA expression, log10 FPKM: testis_4a","Uhlen et al., 2015: RNA expression, log10 FPKM: testis_7a","Uhlen et al., 2015: RNA expression, log10 FPKM: testis_7b","Uhlen et al., 2015: RNA expression, log10 FPKM: testis_7c","Uhlen et al., 2015: RNA expression, log10 FPKM: testis_7d","Uhlen et al., 2015: RNA expression, log10 FPKM: testis_7e","Uhlen et al., 2015: RNA expression, log10 FPKM: testis_7f","Uhlen et al., 2015: RNA expression, log10 FPKM: gallbladder_5a","Uhlen et al., 2015: RNA expression, log10 FPKM: gallbladder_5b","Uhlen et al., 2015: RNA expression, log10 FPKM: gallbladder_5c","Uhlen et al., 2015: RNA expression, log10 FPKM: urinarybladder_5c","Uhlen et al., 2015: RNA expression, log10 FPKM: urinarybladder_5b","Uhlen et al., 2015: RNA expression, log10 FPKM: thyroid_5a","Uhlen et al., 2015: RNA expression, log10 FPKM: thyroid_5b","Uhlen et al., 2015: RNA expression, log10 FPKM: thyroid_5c","Uhlen et al., 2015: RNA expression, log10 FPKM: thyroid_5d","Uhlen et al., 2015: RNA expression, log10 FPKM: esophagus_5a","Uhlen et al., 2015: RNA expression, log10 FPKM: esophagus_5b","Uhlen et al., 2015: RNA expression, log10 FPKM: esophagus_5c","Uhlen et al., 2015: RNA expression, log10 FPKM: heart_5a","Uhlen et al., 2015: RNA expression, log10 FPKM: heart_5b","Uhlen et al., 2015: RNA expression, log10 FPKM: heart_6a","Uhlen et al., 2015: RNA expression, log10 FPKM: heart_6b","Uhlen et al., 2015: RNA expression, log10 FPKM: skin_5e","Uhlen et al., 2015: RNA expression, log10 FPKM: skin_5f","Uhlen et al., 2015: RNA expression, log10 FPKM: skin_6a","Uhlen et al., 2015: RNA expression, log10 FPKM: ovary_6a","Uhlen et al., 2015: RNA expression, log10 FPKM: ovary_6b","Uhlen et al., 2015: RNA expression, log10 FPKM: ovary_8a","Uhlen et al., 2015: RNA expression, log10 FPKM: bonemarrow_5a","Uhlen et al., 2015: RNA expression, log10 FPKM: bonemarrow_6a","Uhlen et al., 2015: RNA expression, log10 FPKM: bonemarrow_6b","Uhlen et al., 2015: RNA expression, log10 FPKM: bonemarrow_6c","Uhlen et al., 2015: RNA expression, log10 FPKM: salivarygland_6a","Uhlen et al., 2015: RNA expression, log10 FPKM: salivarygland_6b","Uhlen et al., 2015: RNA expression, log10 FPKM: salivarygland_6c","Uhlen et al., 2015: RNA expression, log10 FPKM: skeletalmuscle_a","Uhlen et al., 2015: RNA expression, log10 FPKM: skeletalmuscle_b","Uhlen et al., 2015: RNA expression, log10 FPKM: skeletalmuscle_c","Uhlen et al., 2015: RNA expression, log10 FPKM: skeletalmuscle_d","Uhlen et al., 2015: RNA expression, log10 FPKM: skeletalmuscle_e","Uhlen et al., 2015: RNA expression, log10 FPKM: fallopiantube_5a","Uhlen et al., 2015: RNA expression, log10 FPKM: fallopiantube_8b","Uhlen et al., 2015: RNA expression, log10 FPKM: fallopiantube_8c","Uhlen et al., 2015: RNA expression, log10 FPKM: fallopiantube_8d","Uhlen et al., 2015: RNA expression, log10 FPKM: fallopiantube_8e","Uhlen et al., 2015: RNA expression, log10 FPKM: tonsil_8a1","Uhlen et al., 2015: RNA expression, log10 FPKM: tonsil_8b1","Uhlen et al., 2015: RNA expression, log10 FPKM: tonsil_8e1","Uhlen et al., 2015: RNA expression, log10 FPKM: smoothmuscle_8a","Uhlen et al., 2015: RNA expression, log10 FPKM: smoothmuscle_8b","Uhlen et al., 2015: RNA expression, log10 FPKM: smoothmuscle_8c","Uhlen et al., 2015: RNA expression, log10 FPKM: smallintestine_4a","Uhlen et al., 2015: RNA expression, log10 FPKM: smallintestine_4b","Uhlen et al., 2015: RNA expression, log10 FPKM: smallintestine_4c","Uhlen et al., 2015: RNA expression, log10 FPKM: smallintestine_4d","Uhlen et al., 2015: RNA expression, log10 FPKM: duodenum_4b","Uhlen et al., 2015: RNA expression, log10 FPKM: duodenum_4c","Uhlen et al., 2015: RNA expression, log10 FPKM: colonrectum_a","Uhlen et al., 2015: RNA expression, log10 FPKM: colonrectum_b","Uhlen et al., 2015: RNA expression, log10 FPKM: colonrectum_c","Uhlen et al., 2015: RNA expression, log10 FPKM: colonrectum_d","Uhlen et al., 2015: RNA expression, log10 FPKM: colonrectum_f","Uhlen et al., 2015: RNA expression, log10 FPKM: colon_8a","Uhlen et al., 2015: RNA expression, log10 FPKM: colon_8b","Uhlen et al., 2015: RNA expression, log10 FPKM: rectum_8a","Uhlen et al., 2015: RNA expression, log10 FPKM: rectum_8b","Uhlen et al., 2015: RNA expression, log10 FPKM: rectum_8c","Uhlen et al., 2015: RNA expression, log10 FPKM: rectum_8d","Uhlen et al., 2015: Fraction of cells with detected RNA (1 FPKM)","Uhlen et al., 2015: Fraction of tissues with detected RNA (1 FPKM)","Tani et al., 2012: RNA halflife",papers,first_year,N_HitLists,DE_Prior_Rank,Gene_Name
1,1,1,1,0,0,1,1,1,1,0,1,1,0,1,1,1,1,0,0,1,0,0,1,0,1,0,1,1,1,1,0,1,1,0,0,1,1,1,1,0,1,0,0,1,1,1,1,1,1,1,1,1,1,1,1,1,1,1,1,0,0,1,1,0,1,1,1,1,1,0,1,0,1,1,0,0,1,1,1,0,0,0,0,1,0,0,0,1,1,0,0,1,1,0,0,0,0,0,1,0,1,0,0,1,1,1,1,1,0,1,1,0,0,1,1,0,1,0,1,1,0,0,1,1,0,0,1,1,1,0,1,1,0,1,0,1,1,1,0,0,1,1,0,1,1,1,0,0,1,1,0,0,0,0,1,0,0,0,0,1,0,0,0,1,1,0,0,1,1,0,0,0,0,0,1,0,1,0,0,1,1,1,1,1,0,1,1,0,0,1,1,0,1,0,1,1,0,0,1,1,0,0,1,1,1,0,1,1,0,1,0,1,1,1,0,0,1,1,0,1,1,1,0,0,1,1,0,0,0,0,1,0,0,0,1,1,1,0,0,1,1,1,1,1,1,1,0,0,0,0,0,0,0,1,1,1,1,1,0,1,1,1,0,0,0,0,1,0,0,0,1,0,1,0,1,0,0,1,0,0,1,0,1,1,0,0,0,0,0,0,0,1,0,1,1,1,1,0,0,1,1,1,1,0,0,0,0,0,0,0,1,1,1,0,0,0,0,1,0,0,0,0,0,0,0,0,0,0,0,0,0,0,0,0,0,1,0,1,0,0,0,0,0,0,0,0,0,0,0,0,0,0,0,0,0,0,0,0,0,0,0,0,0,0,0,0,0,0,0,0,0,0,0,0,0,0,0,0,0,0,0,0,0,0,1,0,0,0,0,1,0,0,1,0,0,0,1,0,0,0,0,0,0,0,0,0,0,0,0,0,0,0,0,0,0,0,0,0,0,0,0,0,0,0,0,0,0,0,0,0,0,28,1986.0,7.0,0.429454412685166,A1BG
2,10,0,0,0,0,1,1,0,0,0,0,1,0,1,1,1,0,1,0,1,1,1,0,1,0,0,1,1,0,1,1,1,0,1,0,1,1,1,1,0,0,1,1,0,0,0,1,1,1,1,1,1,1,1,1,1,1,1,1,0,0,1,1,0,1,1,1,1,1,1,1,1,1,1,1,1,0,0,0,0,1,1,1,1,0,1,1,1,1,1,1,0,0,0,1,1,1,1,0,1,0,1,0,0,0,0,1,0,0,0,0,0,0,1,0,1,0,1,0,0,1,0,0,0,0,0,0,1,1,0,0,0,1,0,1,1,1,1,1,0,1,0,1,0,0,1,1,1,0,1,1,1,0,1,0,1,0,1,1,1,0,1,1,1,1,1,1,0,0,0,1,1,1,1,0,1,1,1,0,0,0,0,1,0,0,0,0,0,0,1,0,1,0,1,0,0,1,0,0,0,0,0,0,1,1,0,0,0,1,0,1,1,1,1,1,0,1,0,1,0,0,1,1,1,0,1,1,1,0,1,0,1,0,1,0,0,0,0,1,1,1,1,1,0,1,0,0,1,0,1,1,1,1,1,1,1,1,1,1,1,1,1,0,0,0,0,0,0,0,0,0,0,0,0,0,0,0,0,0,0,0,0,0,0,0,0,0,0,0,0,0,0,0,0,0,0,0,0,0,0,0,0,0,0,0,0,0,0,0,0,1,1,1,0,0,0,0,0,0,0,0,0,0,0,0,0,0,0,0,0,0,0,0,0,0,0,0,0,0,0,0,0,0,0,0,0,0,0,0,0,0,0,0,0,0,0,0,0,0,0,0,0,0,0,0,0,0,0,0,0,0,0,0,0,0,0,0,0,0,0,0,0,0,0,0,0,0,0,0,0,0,0,0,0,0,0,0,0,0,0,0,0,0,0,0,0,0,0,0,0,0,1,1,1,1,1,1,1,1,1,1,1,1,1,1,1,1,1,0,0,0,611,1989.0,12.0,0.673847277279366,NAT2
3,13,0,0,0,0,1,1,0,0,0,0,0,1,0,1,0,1,1,1,1,0,1,0,0,0,0,0,1,1,1,1,0,0,1,1,0,1,1,1,1,0,0,0,0,0,0,1,1,1,1,1,1,1,1,1,1,1,1,1,0,0,1,1,0,1,1,1,1,0,1,0,0,1,1,1,1,0,0,0,0,1,1,1,1,0,1,0,0,0,1,1,0,0,1,1,0,0,1,0,1,0,0,1,1,0,0,1,0,0,0,0,1,1,1,0,1,0,0,0,0,1,1,0,0,0,1,0,1,1,1,1,0,1,0,1,1,0,1,1,1,0,0,0,0,0,1,0,1,0,1,1,0,1,0,0,1,1,1,1,1,0,1,0,0,0,1,1,0,0,1,1,0,0,1,0,1,0,0,1,1,0,0,1,0,0,0,0,1,1,1,0,1,0,0,0,0,1,1,0,0,1,1,0,0,1,1,1,0,1,0,1,1,0,1,1,1,0,0,0,0,0,1,0,1,0,1,1,0,1,0,0,1,1,1,0,0,0,0,1,1,1,1,1,0,0,0,0,0,0,0,0,0,0,1,1,1,1,1,0,1,1,1,0,0,0,0,0,0,0,0,0,0,0,0,0,0,0,0,0,0,0,0,0,0,0,0,0,0,0,0,0,0,0,0,0,0,0,0,0,0,0,0,0,0,0,0,0,0,0,0,1,1,1,1,1,1,0,1,0,1,0,0,0,0,0,0,0,1,1,1,0,0,0,0,0,0,0,0,0,0,0,0,1,1,1,0,0,0,0,0,0,0,0,0,0,0,0,0,0,0,0,0,0,0,0,0,1,1,1,0,0,0,0,0,0,0,0,0,0,0,0,0,1,1,0,0,0,0,0,0,0,0,0,0,0,0,0,0,0,0,0,0,0,0,0,0,0,0,0,0,0,1,1,1,1,1,1,0,0,0,0,0,0,0,0,0,0,0,0,0,0,20,1991.0,26.0,0.883371583559357,AADAC
4,14,1,1,1,1,0,0,1,0,1,1,1,1,1,0,1,1,0,0,0,0,0,0,0,0,0,1,1,1,1,0,1,0,0,0,1,1,0,0,0,0,1,0,1,0,0,1,1,1,1,1,1,1,1,1,1,1,1,1,0,0,0,0,0,0,0,1,1,1,1,1,1,0,0,0,0,1,1,1,0,0,0,0,0,0,0,0,1,1,1,0,1,0,0,0,0,0,0,0,0,0,0,1,0,1,1,0,1,0,0,0,0,1,0,1,0,1,1,1,1,1,1,1,1,1,0,1,1,1,1,1,1,1,1,0,1,0,1,0,0,1,1,0,0,1,1,1,0,0,1,1,0,1,0,0,0,1,0,0,0,0,0,0,1,1,1,0,1,0,0,0,0,0,0,0,0,0,0,1,0,1,1,0,1,0,0,0,0,1,0,1,0,1,1,1,1,1,1,1,1,1,0,1,1,1,1,1,1,1,0,0,1,0,1,0,0,1,1,0,0,1,1,1,0,0,1,1,0,1,0,0,0,1,0,1,1,1,0,0,1,1,1,1,1,1,1,1,1,1,1,1,1,1,1,1,1,0,1,1,1,1,1,1,1,1,1,1,1,1,1,1,1,1,1,1,1,1,1,1,1,1,1,1,1,1,1,1,1,1,1,1,1,1,1,1,1,1,1,1,1,1,1,1,1,1,1,1,1,1,1,1,1,1,1,1,1,1,1,1,1,1,1,1,1,1,1,1,1,1,1,1,1,1,1,1,1,1,1,1,1,1,1,1,1,1,1,1,1,1,1,1,1,1,1,1,1,1,1,1,1,1,1,1,1,1,1,1,1,1,1,1,1,1,1,1,1,1,1,1,1,1,1,1,1,1,1,1,1,1,1,1,1,1,1,1,1,1,1,1,1,1,1,1,1,1,1,1,1,1,1,1,1,1,1,1,1,1,1,1,1,1,1,1,1,1,1,1,1,1,1,1,29,1994.0,2.0,0.008632380554976,AAMP
5,15,0,0,0,0,1,1,0,0,0,1,1,0,1,1,1,1,1,0,1,0,0,1,0,1,1,0,1,0,1,0,0,0,1,1,0,1,1,1,1,0,0,0,1,0,1,1,1,1,1,1,1,1,1,1,1,1,1,1,0,0,1,1,0,1,1,0,1,1,0,0,0,1,1,0,0,1,1,1,0,0,0,0,0,0,0,0,1,1,0,0,1,1,0,0,1,1,0,1,0,1,0,0,1,1,1,1,1,0,1,1,1,0,1,1,1,1,0,0,1,0,0,1,1,0,0,1,0,0,0,0,1,0,0,0,1,0,1,0,0,1,1,0,1,1,1,0,0,1,0,0,1,0,1,1,0,0,0,0,0,0,0,0,1,1,0,0,1,1,0,0,1,1,0,1,0,1,0,0,1,1,1,1,1,0,1,1,1,0,1,1,0,1,0,0,1,0,0,1,1,0,0,1,0,0,0,0,1,0,0,0,1,0,1,0,0,1,1,0,1,1,1,1,0,1,0,0,1,0,1,1,0,0,0,1,1,1,0,0,1,1,1,1,1,1,1,0,0,0,0,0,0,0,1,1,1,1,1,1,1,1,1,0,0,0,0,0,0,0,0,0,0,0,0,0,0,0,0,0,0,0,0,0,0,0,0,0,0,0,0,0,0,0,0,0,0,0,0,0,0,0,0,0,0,0,0,0,0,0,0,0,0,0,0,0,0,0,0,0,0,0,0,0,0,0,0,0,0,0,0,0,0,0,0,0,0,0,0,0,0,0,0,0,0,0,0,0,0,0,0,0,0,0,0,0,0,0,0,0,0,0,0,0,0,0,0,0,0,0,0,0,0,0,0,0,0,0,0,0,0,0,0,0,0,0,0,0,0,0,0,0,0,0,0,0,0,0,0,0,0,0,0,0,0,0,0,0,0,0,0,0,0,0,0,0,0,0,0,0,0,0,0,0,0,0,0,0,0,0,0,0,32,1994.0,3.0,0.0097016482370123,AANAT
6,16,0,0,1,0,1,0,1,1,1,1,0,1,1,1,1,0,1,1,0,1,1,0,0,0,0,1,1,1,0,0,1,1,0,0,1,1,1,1,0,1,0,0,1,0,1,1,1,1,1,1,1,1,1,1,1,1,1,1,0,1,0,0,1,0,0,1,1,1,1,1,1,0,0,0,0,1,1,1,1,0,0,1,1,1,1,1,0,1,1,0,0,0,0,0,1,1,1,0,0,0,1,0,0,0,0,0,1,1,0,1,0,0,1,1,0,1,1,1,1,1,1,1,0,1,1,1,1,1,0,1,1,0,1,1,1,0,1,1,0,0,0,0,1,0,0,0,0,0,1,1,0,0,0,0,0,1,0,1,1,1,1,1,0,1,1,0,0,0,0,0,1,1,1,0,0,0,1,0,0,0,0,0,1,1,0,1,0,0,1,1,0,1,1,1,1,1,1,1,0,1,1,1,1,1,0,1,1,0,1,1,1,0,1,1,0,0,0,0,1,0,0,0,0,0,1,1,0,0,0,0,0,1,0,1,1,1,1,0,1,1,1,1,0,1,0,0,0,0,0,0,0,0,1,1,1,0,1,1,1,1,1,1,1,1,1,1,1,1,1,1,1,1,1,1,1,1,1,1,1,1,1,1,1,1,1,1,1,1,1,1,1,1,1,1,1,1,1,1,1,1,1,1,1,1,1,1,1,1,1,1,1,1,1,1,1,1,1,1,1,1,1,1,1,1,1,1,1,1,1,1,1,1,1,1,1,1,1,1,1,1,1,1,1,1,1,1,1,1,1,1,1,1,1,1,1,1,1,1,1,1,1,1,1,1,1,1,1,1,1,1,1,1,1,1,1,1,1,1,1,1,1,1,1,1,1,1,1,1,1,1,1,1,1,1,1,1,1,1,1,1,1,1,1,1,1,1,1,1,1,1,1,1,1,1,1,1,1,1,1,1,1,1,1,1,1,1,1,1,1,1,36,1989.0,8.0,0.36897558940121,AARS
7,18,1,1,1,1,1,0,1,1,1,1,1,1,0,1,1,1,1,1,0,1,1,0,0,1,0,0,1,0,0,0,0,1,1,1,0,1,1,1,1,1,0,0,0,0,1,1,1,1,1,1,1,1,1,1,1,1,1,1,0,0,1,1,0,1,1,0,0,0,0,0,0,1,1,1,0,1,1,1,1,0,0,1,1,1,1,0,0,1,0,1,0,1,0,1,1,1,1,1,0,1,1,1,0,1,1,1,1,1,0,1,1,0,1,1,0,1,0,1,1,1,0,1,1,0,0,1,1,1,0,1,1,0,1,0,1,1,1,0,0,1,0,0,0,1,0,0,1,1,0,1,0,0,0,1,0,0,0,1,1,1,1,0,0,1,0,1,0,1,0,1,1,1,1,1,0,1,1,1,0,1,1,1,1,1,0,1,1,0,1,1,0,1,0,1,1,1,0,1,1,0,0,1,1,1,0,1,1,0,1,0,1,1,1,0,0,1,0,0,0,1,0,0,1,1,0,1,0,0,0,1,0,0,0,1,1,1,1,1,1,1,1,1,1,1,1,0,0,0,0,0,0,0,1,1,1,0,1,0,1,1,1,0,0,1,0,0,1,0,0,0,0,0,0,0,1,0,1,0,0,1,1,0,0,1,0,0,1,0,1,0,1,0,0,1,0,0,0,0,0,0,0,0,0,0,0,1,1,1,1,1,1,1,1,1,0,0,0,0,0,1,1,1,1,1,1,1,0,1,0,0,0,0,0,0,0,0,0,0,0,0,0,1,1,1,0,0,0,0,0,0,0,0,0,0,0,0,0,0,1,1,1,1,1,0,1,0,0,0,1,0,1,1,1,1,0,0,1,1,1,1,1,0,0,0,1,1,1,0,0,0,0,0,0,0,0,0,0,0,0,0,0,0,0,0,0,0,0,0,0,0,1,1,1,1,1,1,1,0,1,1,1,0,1,0,0,1,1,0,0,0,37,1981.0,54.0,0.911798456081786,ABAT
8,19,0,1,1,0,1,0,1,1,1,0,0,1,0,1,1,0,1,1,1,1,1,0,0,0,1,1,1,1,1,1,0,1,1,0,0,1,1,1,0,1,1,1,0,1,0,1,1,1,1,1,1,1,1,1,1,1,1,1,0,0,1,1,1,0,1,1,0,1,0,0,0,0,1,1,0,0,0,0,1,1,1,1,1,1,1,1,1,0,0,1,1,1,1,1,1,1,1,0,0,0,0,1,0,0,0,1,0,0,0,1,0,1,1,1,1,0,0,1,0,1,0,0,0,1,1,1,1,0,0,1,1,1,1,1,1,1,1,1,1,0,0,1,0,0,1,1,1,1,1,1,0,0,0,0,1,1,1,1,1,1,1,1,1,0,0,1,1,1,1,1,1,1,1,0,0,0,0,1,0,0,0,1,0,0,0,0,0,1,1,1,1,0,1,1,0,1,0,0,0,1,1,1,1,0,0,1,1,1,1,1,1,1,1,1,1,0,0,1,0,0,1,1,1,1,1,1,0,0,0,0,1,1,1,0,0,0,1,1,1,1,1,1,0,1,0,1,0,0,0,1,1,1,1,1,1,1,1,1,1,1,1,0,0,0,0,0,0,0,1,0,0,0,0,0,1,0,1,0,1,0,0,0,1,0,0,0,0,0,0,0,0,0,0,0,0,0,0,0,0,0,0,0,1,0,0,1,0,0,0,1,1,1,0,0,1,1,0,0,1,0,0,0,0,1,0,0,0,0,0,0,0,0,0,1,0,0,1,1,0,1,0,1,1,1,1,1,1,1,1,0,0,0,0,0,1,1,1,1,0,0,0,1,0,0,0,1,1,1,1,1,0,0,0,0,0,0,0,0,0,0,0,1,1,1,1,1,0,1,1,1,1,0,0,0,0,0,0,0,0,0,1,0,0,0,0,0,0,0,0,1,0,0,0,0,0,0,0,1,1,0,1,0,0,1,1,0,0,0,1,0,619,1994.0,48.0,0.912372209472147,ABCA1
9,20,0,1,1,1,0,0,1,1,1,1,0,0,0,1,1,0,0,0,1,1,1,1,0,0,1,1,1,1,1,1,0,1,1,0,0,1,1,1,0,1,1,1,1,1,0,1,1,1,1,1,1,1,1,1,1,1,1,1,1,0,1,1,0,1,1,1,1,0,0,1,1,1,0,1,0,1,1,1,0,0,0,0,1,1,0,0,1,1,0,0,1,0,0,0,1,1,0,1,0,1,1,0,0,1,1,0,1,0,1,1,1,0,1,1,0,1,0,1,1,0,0,1,1,0,0,1,1,0,0,1,1,0,1,0,1,1,1,0,0,1,1,0,0,1,1,0,0,1,0,0,0,0,0,1,0,0,0,0,1,1,0,0,1,1,0,0,1,0,0,0,1,1,0,1,0,1,1,0,0,1,1,0,1,0,1,1,1,0,1,1,0,1,0,1,1,0,0,1,1,0,0,1,1,0,0,1,1,0,1,0,1,1,1,0,0,1,1,0,0,1,1,0,0,1,0,0,0,0,0,1,0,0,0,1,1,1,1,0,1,1,1,1,1,1,1,1,0,1,0,1,1,1,1,1,1,1,1,0,1,1,1,1,1,1,1,1,1,1,0,1,1,1,1,0,1,1,1,0,0,1,1,0,1,1,0,1,0,1,0,1,1,1,1,1,1,1,1,1,0,0,1,0,1,1,1,1,1,1,1,1,1,1,1,1,1,1,1,1,1,1,1,1,1,1,1,1,1,1,1,1,1,1,1,1,1,1,1,1,1,1,1,1,1,1,1,1,1,1,1,0,1,0,0,0,1,1,1,0,0,1,1,1,0,1,1,1,1,1,1,1,1,1,1,1,0,0,0,1,1,1,1,1,1,1,0,1,0,1,1,1,1,1,1,1,1,1,1,1,1,1,1,1,1,1,0,0,1,0,0,1,1,0,1,0,1,1,1,1,1,1,1,1,0,0,0,0,1,1,1,1,39,1992.0,9.0,0.385562278322554,ABCA2
10,21,0,1,1,0,1,0,1,1,1,1,0,0,0,1,1,1,1,0,1,1,0,0,0,0,0,0,1,1,1,1,0,1,1,0,0,1,1,1,1,1,0,0,1,0,1,1,1,1,1,1,1,1,1,1,1,1,1,1,1,1,1,1,1,1,1,0,1,0,0,0,1,0,0,1,0,1,1,1,1,0,0,0,1,1,0,0,1,1,0,0,1,1,0,0,1,1,0,1,0,1,1,0,0,1,1,0,1,0,1,1,0,0,1,1,0,1,0,1,1,0,0,1,1,0,0,1,1,0,0,1,1,0,1,0,1,1,1,0,0,1,1,0,1,1,1,0,0,1,0,0,0,0,0,1,0,0,0,0,1,1,0,0,1,1,0,0,1,1,0,0,1,1,0,1,0,1,1,0,0,1,1,0,1,0,1,1,0,0,1,1,0,1,0,1,1,0,0,1,1,0,0,1,1,0,0,1,1,0,1,0,1,1,1,0,0,1,0,0,1,1,1,0,0,1,0,0,0,0,0,1,0,0,0,1,1,1,1,0,1,1,1,1,1,1,1,1,0,1,0,1,1,1,1,1,1,1,1,0,1,1,1,0,1,1,0,0,0,0,0,0,0,1,0,0,0,0,0,1,0,0,1,0,0,0,0,1,0,0,0,1,1,1,0,1,0,0,0,1,0,0,0,0,0,1,0,0,0,0,0,0,0,0,1,1,1,1,1,1,1,0,0,0,0,1,1,1,0,0,0,0,0,0,0,0,0,0,0,0,0,0,0,0,0,0,1,1,1,0,0,0,0,0,0,0,0,0,0,0,1,1,1,1,1,1,1,0,0,0,0,0,1,1,1,1,0,0,0,0,0,0,0,0,0,0,0,0,0,0,0,0,0,1,1,1,0,0,0,0,1,0,0,0,0,0,0,0,1,0,0,0,0,0,0,0,0,0,0,0,0,0,0,0,0,0,0,0,0,0,0,0,62,1996.0,13.0,0.619653661589818,ABCA3
11,22,1,1,1,1,0,0,0,0,1,1,0,0,0,1,1,1,1,1,1,1,1,0,0,0,0,1,1,1,1,1,0,1,1,0,0,1,1,1,1,1,0,0,1,0,1,1,1,1,1,1,1,1,1,1,1,1,1,1,0,1,0,0,1,0,0,1,1,1,1,1,1,0,0,0,1,0,0,0,1,1,1,1,1,0,1,1,0,0,1,1,0,0,1,1,0,1,1,0,1,0,0,1,0,0,0,0,0,1,0,0,0,1,0,0,1,0,1,0,0,1,1,0,1,1,1,0,0,1,1,1,1,1,1,1,1,0,1,1,1,0,1,0,0,0,1,0,1,0,1,1,0,1,0,0,1,1,1,1,1,0,1,1,0,0,1,1,0,0,1,1,0,1,1,0,1,0,0,1,0,0,0,0,0,1,0,0,0,1,0,0,1,0,1,0,0,1,1,0,1,1,1,0,0,1,1,1,1,1,1,1,1,0,1,1,1,0,1,0,0,0,1,0,1,0,1,1,0,1,0,0,1,1,1,0,0,0,0,1,1,1,1,1,1,1,1,0,0,0,0,1,1,0,1,1,1,1,1,0,1,1,1,1,1,1,1,1,1,1,1,1,1,1,1,1,1,1,1,1,1,1,1,1,1,1,1,1,1,1,1,1,1,1,1,1,1,1,1,1,1,1,1,1,1,1,1,1,1,1,1,1,1,1,1,1,1,1,1,1,1,1,1,1,1,1,0,0,1,1,1,1,1,1,1,1,1,1,1,1,1,1,1,1,1,1,1,1,1,1,1,1,1,1,1,1,1,1,0,1,0,0,0,0,0,0,0,1,1,1,1,1,1,1,1,1,1,1,1,1,1,1,1,1,1,1,1,1,1,1,1,1,1,1,1,1,1,1,1,1,1,1,1,1,1,1,1,1,1,1,1,1,1,1,1,1,1,1,1,1,1,1,1,1,1,1,1,1,1,1,1,1,36,1996.0,3.0,0.0226632589192572,ABCB7
12,23,1,1,1,0,1,0,1,1,1,1,0,1,1,0,1,0,0,1,0,0,0,0,1,0,0,0,1,0,0,0,1,1,0,1,1,0,0,0,0,1,0,0,1,0,0,1,1,1,1,1,1,1,1,1,1,1,1,1,0,0,0,0,0,0,0,1,1,1,1,1,1,0,0,0,0,1,1,1,0,0,1,1,0,1,1,0,0,1,0,0,0,0,0,0,1,0,0,0,1,0,1,0,0,1,1,1,1,1,1,1,0,0,1,1,0,1,1,0,1,1,1,1,1,1,0,1,1,1,1,0,0,0,1,0,1,1,1,0,0,0,0,0,1,0,0,0,0,0,0,0,1,0,0,0,0,0,1,1,0,1,1,0,0,1,0,0,0,0,0,0,1,0,0,0,1,0,1,0,0,1,1,1,1,1,1,1,0,0,1,1,0,1,1,0,1,1,1,1,1,1,0,1,1,1,1,0,0,0,1,0,1,1,1,0,0,0,0,0,1,0,0,0,0,0,0,0,1,0,0,0,0,0,1,1,1,1,1,0,1,1,1,1,0,1,0,1,1,1,1,1,1,1,1,1,1,0,1,1,1,1,1,1,1,1,1,1,1,1,1,1,1,1,1,1,1,1,1,1,1,1,1,1,1,1,1,1,1,1,1,1,1,1,1,1,1,1,1,1,1,1,1,1,1,1,1,1,1,1,1,1,1,1,1,1,1,1,1,1,1,1,1,1,1,1,1,1,1,1,1,1,1,1,1,1,1,1,1,1,1,1,1,1,1,1,1,1,1,1,1,1,1,1,1,1,1,1,1,1,1,1,1,1,1,1,1,1,1,1,1,1,1,1,1,1,1,1,1,1,1,1,1,1,1,1,1,1,1,1,1,1,1,1,1,1,1,1,1,1,1,1,1,1,1,1,1,1,1,1,1,1,1,1,1,1,1,1,1,1,1,1,1,1,1,1,1,1,1,1,1,0,51,1996.0,3.0,0.0692937617358648,ABCF1
13,24,0,0,1,0,1,1,1,1,1,0,0,0,0,1,1,0,1,0,1,1,1,1,0,0,0,1,1,1,1,1,0,1,1,0,0,1,1,1,0,1,0,1,1,0,0,1,1,1,1,1,1,1,1,1,1,1,1,1,1,1,0,1,0,1,1,0,1,0,0,1,0,0,1,1,1,1,1,1,1,0,0,0,1,0,1,1,1,1,0,1,1,1,0,1,1,1,1,1,0,1,1,0,1,1,1,0,0,0,1,0,0,1,1,1,1,0,1,1,0,0,0,0,0,0,1,1,1,1,1,1,1,0,1,1,1,1,1,1,0,1,0,0,0,1,1,0,1,1,0,1,0,0,0,0,1,1,0,0,1,0,1,1,1,1,0,1,1,1,0,1,1,1,1,1,0,1,1,0,1,1,1,0,0,0,1,0,0,1,1,1,1,0,1,1,0,0,0,0,0,0,1,1,1,1,1,1,1,0,1,1,1,1,1,1,0,1,0,0,0,1,1,0,1,1,0,1,0,0,0,0,1,1,0,1,1,1,1,0,1,1,1,1,0,1,0,1,0,1,0,1,1,1,1,1,1,1,1,1,1,1,1,0,0,0,0,0,0,0,0,1,0,0,0,0,0,0,0,0,0,0,0,0,0,0,0,0,0,0,0,0,0,0,0,0,0,0,0,0,0,0,0,0,0,0,0,0,0,1,0,0,0,0,0,0,0,0,0,0,0,0,0,0,0,0,0,0,0,0,0,0,0,0,0,0,0,0,0,0,0,0,0,0,0,0,0,0,0,0,0,0,0,0,0,0,0,0,0,0,0,0,0,0,0,0,0,0,0,0,0,0,0,0,0,0,0,0,0,0,0,0,0,0,0,0,0,0,0,0,0,0,0,0,0,0,0,0,0,0,0,0,0,0,0,0,0,0,0,0,0,0,0,0,0,0,0,0,0,0,0,0,0,0,0,0,0,0,0,0,0,0,171,1996.0,11.0,0.570467348216149,ABCA4
14,25,1,1,1,1,0,0,1,1,1,1,0,0,1,0,1,0,0,1,0,0,1,1,0,1,1,1,1,0,0,0,1,1,0,1,1,0,0,0,1,1,1,1,1,1,0,1,1,1,1,1,1,1,1,1,1,1,1,1,1,1,0,0,1,1,1,1,0,1,0,1,0,0,1,0,0,0,0,0,1,1,0,1,1,1,0,0,1,1,0,0,1,1,1,0,1,0,0,1,0,0,0,1,1,1,1,1,1,1,1,1,0,0,1,0,0,1,0,1,1,0,1,1,0,1,0,1,1,0,0,1,1,0,1,0,1,1,1,0,0,1,1,0,0,0,0,0,0,0,1,0,0,0,0,0,0,0,0,1,1,1,0,0,1,1,0,0,1,1,1,0,1,0,0,1,0,0,0,1,1,1,1,1,1,1,1,1,0,0,1,0,0,1,0,1,1,0,1,1,0,1,0,1,1,0,0,1,1,0,1,0,1,1,1,0,0,1,1,0,0,0,0,0,0,0,1,0,0,0,0,0,0,0,0,1,1,1,1,0,1,1,1,1,0,1,0,1,1,1,0,1,1,1,1,1,1,0,1,0,1,1,1,1,1,1,1,1,1,1,1,1,1,1,1,1,1,1,1,1,1,1,1,1,1,1,1,1,1,1,1,1,1,1,1,1,1,1,1,1,1,1,1,1,1,1,1,1,1,1,1,1,1,0,1,1,1,1,1,1,1,1,1,1,1,1,1,1,1,1,1,1,1,1,1,1,1,1,1,1,1,1,1,1,1,1,1,1,1,1,1,1,1,1,1,1,1,1,1,1,1,1,1,1,1,1,1,1,1,1,1,1,1,1,1,1,1,1,1,1,1,1,1,1,1,1,1,1,1,1,1,1,1,1,1,1,1,1,1,1,1,1,1,1,1,1,1,1,1,1,1,1,1,1,1,1,1,1,1,1,1,1,1,1,1,1,1,1,1,1,1,1,666,1983.0,7.0,0.279157104110161,ABL1
15,27,0,1,1,0,1,0,1,1,1,1,0,0,1,0,1,0,0,1,0,0,1,1,0,0,1,1,1,1,0,1,0,1,0,0,0,0,0,0,1,1,1,1,0,1,0,1,1,1,1,1,1,1,1,1,1,1,1,1,1,1,1,1,1,1,1,0,0,0,0,0,0,1,0,0,1,0,0,0,1,1,1,1,0,1,1,1,0,0,1,1,1,1,1,0,0,0,0,0,0,0,0,1,1,1,0,1,0,1,0,0,0,1,0,0,1,0,1,0,0,0,1,0,0,1,1,0,1,1,1,0,1,1,1,0,1,1,1,1,1,1,0,1,0,0,0,0,1,0,0,0,0,1,0,0,1,1,1,1,0,1,1,1,0,0,1,1,1,1,1,0,0,0,0,0,0,0,0,1,1,1,0,1,0,1,1,0,0,1,0,0,1,0,1,0,1,0,1,0,0,1,1,0,1,1,1,0,1,1,1,0,1,1,1,1,1,1,0,1,0,0,0,0,1,0,0,0,0,1,0,0,1,1,1,0,0,0,1,1,1,1,1,1,1,1,1,1,1,1,0,1,1,1,1,1,1,0,1,1,1,1,1,1,1,0,0,1,1,0,1,1,1,1,1,0,0,1,0,1,0,1,0,0,0,0,1,0,1,0,0,0,1,0,1,0,0,1,1,1,1,0,1,1,1,0,1,0,0,0,0,0,0,0,0,0,0,0,0,0,0,0,0,0,0,0,0,0,0,0,0,0,0,0,0,0,0,0,0,0,0,0,0,0,0,0,0,0,0,0,1,0,0,0,0,0,0,0,0,0,0,0,0,0,0,0,0,0,0,1,0,0,0,0,0,0,0,0,0,0,0,0,0,0,0,0,0,0,0,1,0,0,0,0,0,0,0,0,0,0,0,0,0,0,0,0,0,0,0,0,0,0,0,0,0,0,0,0,0,0,0,0,0,0,0,0,0,0,0,1,1,0,84,1986.0,16.0,0.606978927602754,ABL2
16,29,0,1,1,1,0,0,1,1,1,0,0,1,1,1,0,1,1,1,1,1,0,0,1,0,1,1,1,1,0,1,1,1,1,1,1,0,1,1,0,1,0,1,1,0,1,1,1,1,1,1,1,1,1,1,1,1,1,1,1,1,0,0,1,1,1,0,1,1,0,0,1,0,0,0,0,1,1,1,1,0,0,1,1,1,0,0,1,1,0,0,1,1,0,0,1,1,0,1,0,1,1,0,0,1,1,0,1,0,1,1,0,0,1,1,0,1,0,1,1,0,0,1,1,0,0,0,0,0,0,1,1,0,1,0,1,1,1,0,1,1,1,0,0,0,0,0,0,1,0,0,0,0,0,1,0,0,0,1,1,1,0,0,1,1,0,0,1,1,0,0,1,1,0,1,0,1,1,0,0,1,1,0,1,0,1,1,0,0,1,1,0,1,0,1,1,0,0,1,1,0,0,0,0,0,0,1,1,0,1,0,1,1,1,0,0,1,1,0,0,0,0,0,0,1,0,0,0,0,0,1,0,0,0,1,1,1,1,0,1,1,1,1,1,1,0,0,0,0,0,0,0,0,1,1,1,1,1,0,1,1,1,1,1,1,1,1,1,1,1,1,1,1,1,0,1,1,1,0,0,1,1,1,1,1,1,1,0,1,1,1,1,0,1,1,1,1,1,1,1,0,1,1,1,1,1,1,1,1,1,0,1,0,1,1,1,1,1,1,1,1,1,1,1,1,1,1,1,1,1,1,1,1,1,1,1,1,1,1,1,1,1,1,1,1,1,1,1,1,1,1,1,1,1,1,1,1,1,1,1,1,1,1,1,1,1,1,1,1,1,1,1,1,1,1,1,1,1,1,1,1,1,1,1,1,1,1,1,1,1,1,1,1,1,1,1,1,1,1,1,1,1,1,1,1,1,1,1,1,1,1,1,1,1,1,1,1,1,1,1,1,1,1,1,1,1,1,1,1,1,1,27,1989.0,11.0,0.572397245983726,ABR
17,30,1,1,0,0,1,1,1,0,1,1,1,0,0,0,1,0,1,0,0,1,0,1,1,1,0,1,1,1,0,0,0,0,0,0,0,1,0,1,1,0,1,0,1,1,0,1,1,1,1,1,1,1,1,1,1,1,1,1,1,0,1,1,0,1,1,0,1,0,0,1,1,1,1,1,0,1,1,1,0,0,0,0,0,1,1,0,1,1,1,1,0,1,0,0,1,1,1,1,0,0,1,0,0,0,1,1,1,1,1,1,0,0,0,1,0,1,0,1,1,0,1,1,1,1,1,1,1,1,0,1,1,0,0,0,1,0,1,0,0,1,1,0,1,1,0,1,0,0,0,0,1,0,0,1,0,0,0,0,0,1,1,0,1,1,1,1,0,1,0,0,1,1,0,1,0,0,1,0,0,0,1,1,1,1,1,1,0,0,0,1,0,1,0,1,1,0,1,1,1,1,0,1,1,1,0,1,1,0,0,0,1,0,1,0,0,0,1,0,1,1,0,1,0,0,0,0,1,0,0,1,0,0,0,1,1,1,0,0,1,1,1,1,1,1,0,0,0,0,0,0,0,0,1,1,1,1,1,1,1,1,1,1,1,1,1,1,1,1,1,1,1,1,1,1,1,1,1,1,1,1,1,1,1,1,1,1,1,1,1,1,1,1,1,1,1,1,1,1,1,1,1,1,1,1,1,1,1,1,1,1,1,1,1,1,1,1,1,1,1,1,1,1,1,1,1,1,1,1,1,1,1,1,1,1,1,1,1,1,1,1,1,1,1,1,1,1,1,1,1,1,1,1,1,1,1,1,1,1,1,1,1,1,1,1,1,1,1,1,1,1,1,1,1,1,1,1,1,1,1,1,1,1,1,1,1,1,1,1,1,1,1,1,1,1,1,1,1,1,1,1,1,1,1,1,1,1,1,1,1,1,1,1,1,1,1,1,1,1,1,1,1,1,1,1,1,1,1,1,1,1,38,1988.0,8.0,0.386083872313791,ACAA1
18,33,1,0,0,0,1,1,0,0,1,1,0,0,1,1,1,1,1,1,0,1,0,0,0,0,0,0,1,1,1,1,1,0,1,1,1,1,1,1,1,0,0,0,1,0,0,1,1,1,1,1,1,1,1,1,1,1,1,1,0,0,1,1,0,1,1,0,0,0,1,0,1,0,0,1,1,0,0,0,1,1,1,1,0,0,1,1,0,0,0,0,0,0,1,1,0,1,1,0,1,0,0,1,0,0,0,0,0,1,0,0,1,1,0,0,1,0,1,0,0,1,1,0,1,1,1,0,0,1,1,0,0,1,0,1,1,0,1,1,1,0,0,0,0,0,1,1,1,0,0,1,0,1,0,0,1,1,1,1,0,0,1,1,0,0,0,0,0,0,1,1,0,1,1,0,1,0,0,1,0,0,0,0,0,1,0,0,1,1,0,0,1,0,1,0,0,0,1,0,1,1,1,0,0,1,1,1,0,1,0,1,1,0,1,1,1,0,0,0,0,0,1,1,1,0,0,1,0,1,0,0,1,1,1,0,0,0,0,1,1,1,1,1,0,1,0,0,0,0,0,0,0,0,1,1,1,0,1,1,1,1,1,0,0,0,0,0,0,0,0,0,0,0,0,0,0,0,0,0,0,0,0,0,0,0,0,0,0,0,0,0,0,0,0,0,0,0,0,0,0,0,0,0,0,0,0,1,1,1,1,1,1,1,1,1,1,1,1,1,1,1,1,1,1,0,0,0,0,0,0,0,0,0,0,0,0,0,0,0,0,0,0,0,0,0,1,1,1,0,0,0,0,0,0,0,0,0,0,0,0,0,0,0,0,0,0,0,0,0,0,0,1,1,1,1,0,0,0,0,0,0,0,0,0,0,1,1,1,0,0,0,0,0,1,1,1,1,1,1,1,0,0,0,0,0,0,0,0,0,0,0,0,0,0,0,0,0,0,0,0,0,0,0,0,0,0,0,0,0,0,0,25,1985.0,30.0,0.866784894638014,ACADL
19,34,0,0,0,0,0,1,0,0,1,1,0,0,1,1,1,0,1,1,0,1,1,0,1,1,0,1,1,0,1,1,1,0,1,1,1,1,0,1,1,0,0,0,1,0,0,1,1,1,1,1,1,1,1,1,1,1,1,1,1,1,1,1,1,1,1,0,0,0,1,1,0,0,1,1,1,0,0,0,1,1,1,1,0,0,1,0,0,0,1,1,0,0,0,1,0,1,1,0,1,0,0,0,1,0,0,1,0,1,0,0,1,1,0,0,1,0,1,0,0,1,1,0,0,1,1,0,0,1,1,0,0,1,0,1,1,0,1,1,0,0,0,1,0,0,1,1,1,0,1,1,1,0,1,1,0,0,1,1,0,0,1,0,0,0,1,1,0,0,0,1,0,1,1,0,1,0,0,0,1,0,0,1,0,1,0,0,1,1,0,0,1,0,1,0,0,1,1,0,0,1,1,0,0,1,1,0,0,1,0,1,1,0,1,1,0,0,0,1,0,0,1,1,1,0,1,1,1,0,1,1,0,0,1,0,0,0,0,1,1,1,1,1,1,1,0,0,0,0,0,0,0,0,1,1,1,1,1,0,1,1,1,1,1,1,1,1,1,1,1,1,1,1,1,1,1,1,1,1,1,1,1,1,1,1,1,1,1,1,1,1,1,1,1,1,1,1,1,1,1,1,1,1,1,1,1,1,1,1,1,1,1,1,1,1,1,1,1,1,1,1,1,1,1,1,1,1,1,1,1,1,1,1,1,1,1,1,1,1,1,1,1,1,1,1,1,1,1,1,1,1,1,1,1,1,1,1,1,1,1,1,1,1,1,1,1,1,1,1,1,1,1,1,1,1,1,1,1,1,1,1,1,1,1,1,1,1,1,1,1,1,1,1,1,1,1,1,1,1,1,1,1,1,1,1,1,1,1,1,1,1,1,1,1,1,1,1,1,1,1,1,1,1,1,1,1,1,1,1,1,1,93,1983.0,17.0,0.660155435009389,ACADM
20,35,1,0,0,0,1,1,1,1,0,1,0,0,0,0,1,0,1,0,1,1,0,0,0,0,0,1,1,0,1,0,0,0,0,0,0,1,0,1,1,0,0,0,1,0,1,1,1,1,1,1,1,1,1,1,1,1,1,1,1,0,1,1,0,1,1,0,1,0,0,0,0,1,1,1,0,1,1,1,0,0,0,0,0,1,0,0,1,1,0,0,1,0,1,0,1,1,0,1,0,0,1,0,0,1,0,1,1,0,1,1,0,0,1,1,0,1,0,1,1,0,0,1,1,1,0,1,1,0,0,1,0,0,0,0,1,1,1,0,0,0,1,0,1,0,0,1,0,0,1,0,1,0,1,1,0,0,0,0,0,1,0,0,1,1,0,0,1,0,1,0,1,1,0,1,0,0,1,0,0,1,0,1,1,0,1,1,0,0,1,1,0,1,0,1,1,0,0,1,1,1,0,1,1,0,0,1,0,0,0,0,1,1,1,0,0,0,1,0,1,0,0,1,0,0,1,0,1,0,1,1,0,0,0,1,1,1,0,0,1,1,1,1,1,1,1,1,1,1,1,1,1,1,1,1,1,0,1,0,1,1,1,0,1,1,1,0,0,0,0,1,0,0,0,0,1,0,1,0,0,1,0,1,1,0,0,0,0,0,1,0,0,0,1,0,1,0,0,0,1,1,0,0,0,0,0,1,1,1,1,1,1,1,1,1,0,0,1,1,1,0,0,0,1,0,0,0,1,1,1,1,1,1,1,0,0,0,1,0,0,0,1,1,1,1,1,1,1,1,1,0,0,0,0,0,1,1,0,1,0,1,1,1,1,1,1,1,0,0,0,0,0,1,1,0,1,0,0,1,1,1,1,0,0,1,0,0,0,1,1,1,1,1,1,1,1,1,1,1,1,0,0,0,0,0,0,0,0,0,0,1,1,1,1,1,1,1,1,1,1,1,1,1,1,1,1,1,1,0,1,1,46,1989.0,8.0,0.307218860838723,ACADS
21,36,1,0,0,0,0,1,0,0,1,1,0,0,1,1,1,0,1,1,0,1,1,0,1,0,0,1,1,0,0,1,0,0,1,0,0,1,1,1,0,0,1,1,1,0,1,1,1,1,1,1,1,1,1,1,1,1,1,1,1,1,1,1,1,1,1,1,0,0,1,1,1,1,0,1,1,0,0,0,1,1,1,1,0,0,1,1,1,1,1,1,0,0,1,1,0,1,1,0,1,0,0,1,0,0,1,0,0,0,0,0,0,1,1,0,0,0,1,0,0,1,1,0,1,1,1,0,0,1,1,0,0,1,0,1,1,1,1,1,1,0,0,0,1,0,0,1,1,0,1,1,0,1,0,0,1,1,1,1,0,0,1,1,1,0,1,1,0,0,1,1,0,1,1,0,1,0,0,1,0,0,0,1,0,0,0,0,0,1,1,0,0,0,1,0,0,1,1,0,0,1,1,0,0,0,1,0,0,1,0,1,1,1,1,1,1,0,0,0,1,0,0,1,1,0,1,1,0,1,0,0,1,1,1,0,0,0,1,1,1,1,1,1,0,1,0,0,0,0,0,0,0,0,1,1,1,0,1,1,1,1,1,1,1,1,0,1,1,0,1,0,0,1,0,1,1,1,0,1,1,1,1,1,1,1,0,0,1,0,1,0,0,0,1,1,1,0,1,1,1,1,0,1,0,1,0,1,1,1,1,1,1,1,1,1,1,1,1,1,1,1,1,1,1,1,1,1,1,1,1,1,0,0,0,1,1,1,0,1,0,1,1,1,1,1,1,1,1,1,1,1,1,1,1,1,0,0,0,0,1,1,1,1,1,0,1,1,1,1,1,1,1,1,1,1,1,1,1,1,1,1,1,0,1,1,1,1,1,0,0,0,0,1,1,1,1,1,1,1,1,1,1,1,1,1,1,1,1,1,1,0,1,0,1,1,1,1,1,1,1,1,1,1,1,1,1,1,1,1,1,0,30,1995.0,21.0,0.797960567494262,ACADSB
22,37,0,0,0,0,1,1,1,1,1,1,0,0,1,1,1,0,1,1,1,1,0,0,0,0,0,0,1,1,0,0,0,1,0,0,0,1,0,1,1,1,0,0,1,1,1,1,1,1,1,1,1,1,1,1,1,1,1,1,0,0,0,0,0,1,1,0,1,0,1,1,1,0,0,0,0,1,1,1,0,0,0,1,0,1,0,1,1,1,0,0,0,0,1,0,1,1,0,0,0,0,1,0,0,1,0,0,1,0,0,1,1,0,1,1,1,1,0,0,1,0,1,1,1,1,1,1,1,1,1,0,1,0,1,0,1,0,1,0,0,0,1,0,1,0,0,0,0,1,0,1,1,0,0,1,0,0,0,1,0,1,0,1,1,1,0,0,0,0,1,0,1,1,0,0,0,0,1,0,0,1,0,0,1,0,0,1,1,1,1,1,1,1,0,0,1,0,1,1,1,1,1,1,1,1,1,0,1,0,1,0,1,0,1,0,0,0,1,0,1,0,0,0,0,1,0,1,1,0,0,1,0,0,0,1,1,1,0,0,1,1,1,1,1,1,1,1,1,1,1,1,1,1,1,1,1,1,1,1,1,1,1,1,1,1,1,1,1,1,1,1,1,1,1,1,1,1,1,1,1,1,1,1,1,1,1,1,1,1,1,1,1,1,1,1,1,1,1,1,1,1,1,1,1,1,1,1,1,1,1,1,1,1,1,1,1,1,1,1,1,1,1,1,1,1,1,1,1,1,1,1,1,1,1,1,1,1,1,1,1,1,1,1,1,1,1,1,1,1,1,1,1,1,1,1,1,1,1,1,1,1,1,1,1,1,1,1,1,1,1,1,1,1,1,1,1,1,1,1,1,1,1,1,1,1,1,1,1,1,1,1,1,1,1,1,1,1,1,1,1,1,1,1,1,1,1,1,1,1,1,1,1,1,1,1,1,1,1,1,1,1,1,1,1,1,1,1,1,1,1,1,58,1993.0,8.0,0.431201752555811,ACADVL
23,38,0,0,0,0,1,1,0,0,1,1,0,0,0,0,1,0,1,1,0,1,1,0,0,0,0,0,1,1,0,0,0,0,0,0,0,1,1,1,1,0,0,0,1,1,1,1,1,1,1,1,1,1,1,1,1,1,1,1,1,1,1,1,1,1,1,0,0,0,0,0,0,1,0,0,1,0,0,1,0,1,1,1,0,0,1,1,0,0,0,0,0,0,1,1,0,1,1,0,1,0,0,1,1,0,0,0,0,0,0,0,0,1,0,0,1,0,1,0,0,1,1,1,0,1,1,0,0,1,1,0,0,1,0,1,1,0,1,1,0,0,0,1,0,0,0,1,0,0,1,0,0,0,0,1,0,0,1,1,0,0,1,1,0,0,1,1,0,0,1,1,0,1,1,0,1,0,0,1,1,0,0,0,0,0,0,0,0,1,0,0,1,0,1,0,0,1,1,1,0,1,1,0,0,1,1,0,0,1,0,1,1,0,1,1,0,0,0,1,0,0,0,1,0,0,1,0,0,0,0,1,0,0,1,0,0,0,0,1,1,1,1,1,0,1,0,0,0,0,0,0,0,0,1,1,1,1,1,0,1,1,1,1,1,1,1,1,1,1,1,1,1,1,1,1,1,1,1,1,1,1,1,1,1,1,1,1,1,1,1,1,1,1,1,1,1,1,1,1,1,1,1,1,1,1,1,1,1,1,1,1,1,1,1,1,1,1,1,1,1,1,1,1,1,1,1,1,1,1,1,1,1,1,1,1,1,1,1,1,1,1,1,1,1,1,1,1,1,1,1,1,1,1,1,1,1,1,1,1,1,1,1,1,1,1,1,1,1,1,1,1,1,1,1,1,1,1,1,1,1,1,1,1,1,1,1,1,1,1,1,1,1,1,1,1,1,1,1,1,1,1,1,1,1,1,1,1,1,1,1,1,1,1,1,1,1,1,1,1,1,1,1,1,1,1,1,1,1,1,1,1,89,1973.0,18.0,0.678072188608387,ACAT1
24,39,0,0,0,0,1,1,0,0,0,1,1,0,0,0,1,0,1,0,0,1,1,0,0,0,0,0,1,1,0,0,0,0,0,0,0,1,1,1,0,0,0,0,1,1,0,1,1,1,1,1,1,1,1,1,1,1,1,1,1,0,1,1,1,1,1,0,1,1,0,0,0,1,0,0,1,0,0,0,0,0,1,1,0,0,1,1,0,0,1,1,0,0,0,1,0,1,1,0,0,0,0,1,1,0,0,1,0,0,0,0,1,0,0,0,1,1,1,0,0,1,1,0,0,1,1,1,1,1,1,1,1,1,0,1,1,0,1,0,1,1,0,0,1,0,0,1,1,0,1,1,0,1,0,0,1,1,1,1,0,0,1,1,0,0,1,1,0,0,0,1,0,1,1,0,0,0,0,1,1,0,0,1,0,0,0,0,1,0,0,0,1,1,1,0,0,1,1,0,0,1,1,1,1,1,1,1,0,1,0,1,1,0,1,0,1,1,0,0,1,0,0,1,1,0,1,1,0,1,0,0,1,1,1,0,0,1,0,1,1,1,1,1,1,1,1,0,0,0,0,0,0,0,1,1,1,1,1,0,1,1,1,1,1,1,1,1,1,1,1,1,1,1,1,1,1,1,1,1,1,1,1,1,1,1,1,1,1,1,1,1,1,1,1,1,1,1,1,1,1,1,1,1,1,1,1,1,1,1,1,1,1,1,0,1,1,1,1,1,1,1,1,1,1,1,1,1,1,1,1,1,1,1,0,1,1,1,1,1,1,1,1,1,1,1,0,1,1,1,1,0,0,1,1,1,1,1,0,1,1,1,1,1,1,1,1,0,1,0,1,0,0,0,1,0,1,1,1,1,1,0,0,1,1,1,1,1,1,1,1,1,1,1,1,1,0,0,0,0,0,1,1,0,1,1,1,1,1,1,1,1,1,1,1,1,1,1,1,1,1,1,1,1,1,1,1,1,1,1,1,1,54,1984.0,19.0,0.670900271228875,ACAT2
25,40,1,1,1,1,0,0,1,1,1,0,1,0,1,1,1,1,1,1,1,1,1,0,0,0,0,1,1,0,0,1,1,1,1,0,1,1,1,1,0,1,1,0,1,0,1,1,1,1,1,1,1,1,1,1,1,1,1,1,1,1,1,1,1,1,1,0,0,0,0,0,0,1,0,1,1,1,0,0,1,0,0,0,1,0,0,1,1,1,0,0,1,0,0,0,1,1,1,1,0,1,0,0,0,1,1,0,1,0,1,0,0,1,1,1,0,1,0,1,1,0,0,1,1,0,0,1,1,1,0,0,1,1,1,0,1,1,1,1,1,0,0,0,1,1,0,1,0,1,0,1,0,0,1,1,0,0,0,0,1,0,0,1,1,1,0,0,1,0,0,0,1,1,1,1,0,1,0,0,0,1,1,0,1,0,1,0,0,1,1,1,0,1,0,1,1,0,0,1,1,0,0,1,1,1,0,0,1,1,1,0,1,1,1,1,1,0,0,0,1,1,0,1,0,1,0,1,0,0,1,1,0,0,0,1,1,1,1,0,1,1,1,1,1,1,1,1,0,1,1,1,1,1,1,1,1,0,1,1,1,1,1,0,0,0,0,0,0,0,0,0,0,0,0,0,0,0,0,0,0,0,0,0,0,0,0,0,0,0,0,0,0,0,0,0,0,0,0,0,0,0,0,0,0,0,0,0,0,0,0,0,0,0,0,0,0,0,0,0,0,0,0,0,0,0,1,1,0,0,0,0,0,0,0,0,0,0,0,0,0,0,0,0,0,0,0,0,0,0,0,0,0,1,0,1,0,0,0,0,0,0,0,0,0,0,0,0,0,0,0,0,0,0,0,0,0,0,0,0,0,0,0,0,0,0,0,0,0,0,0,0,0,0,0,0,0,0,0,0,0,0,0,0,0,0,0,0,0,0,1,0,0,0,0,0,0,0,0,0,0,0,0,0,0,0,0,0,0,0,0,1,37,1996.0,7.0,0.365428750260797,ASIC2
26,41,1,1,1,1,0,0,1,1,1,1,1,1,1,1,0,1,1,1,0,1,0,0,0,0,0,0,1,0,0,1,1,1,1,0,1,1,1,1,0,1,0,0,1,0,1,1,1,1,1,1,1,1,1,1,1,1,1,1,1,1,1,1,0,1,1,1,0,1,0,1,1,0,1,0,0,1,1,1,0,0,0,1,1,1,0,0,1,1,0,0,1,0,0,0,1,1,0,1,0,1,1,0,0,0,1,0,1,1,1,1,0,0,1,1,0,1,0,1,1,0,0,1,0,0,0,1,1,0,0,1,1,0,1,0,1,1,1,1,0,0,1,0,1,1,0,1,0,1,0,0,0,0,1,1,0,0,0,0,1,1,0,0,0,1,0,0,1,0,0,0,1,1,0,1,0,1,1,0,0,1,1,1,1,1,1,1,0,0,1,1,0,1,0,1,1,0,0,1,0,0,0,1,1,0,0,1,1,0,1,0,1,1,1,1,0,0,1,0,1,1,0,1,0,1,0,0,1,0,1,1,0,0,0,1,1,1,1,0,1,1,1,1,1,1,0,0,0,0,0,0,0,0,1,1,1,0,1,1,1,1,1,0,1,1,0,0,0,0,0,0,0,1,1,0,0,1,1,0,0,1,0,1,1,1,0,1,0,0,0,1,1,0,0,1,0,0,0,0,0,0,1,0,0,1,0,0,0,0,0,0,0,0,0,0,0,0,0,0,0,0,0,0,0,1,1,1,0,0,0,0,0,0,0,0,0,0,0,0,0,0,0,0,0,0,0,0,0,0,0,0,0,0,0,0,0,0,0,0,0,0,0,0,0,0,0,0,0,0,0,0,0,0,0,0,0,0,0,0,0,0,0,0,0,0,0,0,0,0,0,0,0,0,0,0,0,0,0,0,0,0,0,0,0,0,0,0,0,0,0,0,0,0,0,0,0,0,0,0,0,0,0,0,0,0,0,0,0,0,0,1,68,1997.0,10.0,0.556462549551429,ASIC1
27,43,0,1,1,1,0,0,1,1,1,1,0,1,0,1,1,1,0,0,1,0,0,1,0,1,0,0,1,1,1,1,0,1,1,0,0,1,1,1,0,1,0,0,1,1,0,1,1,1,1,1,1,1,1,1,1,1,1,1,0,0,1,1,1,1,1,0,1,1,1,1,1,0,1,0,0,1,1,1,0,0,0,0,0,0,0,0,0,1,0,0,0,1,0,0,0,0,0,1,0,1,0,0,1,1,1,0,1,1,1,1,1,0,1,1,0,1,0,1,1,0,0,1,1,1,0,1,1,1,1,1,1,0,1,0,1,1,1,0,0,1,1,0,1,0,1,0,0,1,0,0,0,0,0,1,0,0,0,0,1,0,0,0,0,1,0,0,0,0,0,0,0,0,0,1,0,1,1,0,1,1,1,0,1,1,1,1,1,0,1,1,0,1,0,1,1,0,0,1,1,0,0,1,1,1,1,1,1,0,1,0,1,1,1,0,0,1,0,0,1,0,1,0,0,1,0,0,0,0,0,1,0,0,0,1,1,1,0,0,1,1,1,1,1,1,1,1,0,1,0,1,1,1,1,1,1,1,1,1,1,1,1,0,0,0,1,0,1,0,0,0,0,0,0,0,0,0,0,1,1,0,0,0,0,0,0,0,0,0,0,0,0,0,0,0,0,0,0,0,0,0,0,0,0,0,0,0,0,0,0,0,0,0,0,0,0,0,0,0,0,0,0,0,1,0,1,1,0,0,0,0,0,0,0,0,0,0,0,0,1,0,0,0,0,0,0,0,0,0,0,0,0,0,0,0,0,0,0,0,0,0,0,0,0,0,0,0,0,0,0,0,0,0,0,0,0,0,0,0,0,0,1,0,0,0,0,0,0,0,1,1,1,0,0,1,1,1,1,1,1,0,0,0,0,0,0,0,0,0,0,0,1,1,1,1,0,1,0,1,0,0,0,0,0,0,0,0,0,0,0,0,174,1982.0,12.0,0.571484456499061,ACHE
28,47,1,1,1,1,0,0,1,1,1,1,0,1,0,1,1,0,1,1,0,1,0,0,0,0,0,1,1,1,0,1,0,1,1,0,0,1,1,1,1,1,0,0,0,0,1,1,1,1,1,1,1,1,1,1,1,1,1,1,0,1,0,0,1,1,1,0,1,1,1,1,1,0,0,0,0,1,1,1,1,0,0,0,1,1,0,0,1,1,1,0,0,0,0,0,1,1,1,1,0,1,0,0,0,1,0,0,1,1,0,1,0,0,1,0,0,1,0,1,1,1,0,1,1,0,1,1,1,1,1,1,1,0,1,0,1,1,1,1,0,0,1,0,0,0,0,0,0,1,0,1,0,0,0,0,0,0,0,0,1,1,0,0,1,1,1,0,0,0,0,0,1,1,1,1,0,1,0,0,0,1,1,0,1,1,0,1,0,0,1,0,0,1,0,1,1,1,1,1,1,0,1,1,1,1,1,1,1,0,1,0,1,1,1,1,0,0,1,0,0,0,0,0,0,1,0,1,0,0,0,0,0,0,0,1,1,1,1,0,1,1,1,1,1,1,1,0,0,0,0,1,1,1,1,1,1,0,1,1,1,1,1,1,1,1,1,1,1,1,1,1,1,1,1,1,1,1,1,1,1,1,1,1,1,1,1,1,1,1,1,1,1,1,1,1,1,1,1,1,1,1,1,1,1,1,1,1,1,1,1,1,1,1,1,1,1,1,1,1,1,1,1,1,1,1,1,1,1,1,1,1,1,1,1,1,1,1,1,1,1,1,1,1,1,1,1,1,1,1,1,1,1,1,1,1,1,1,1,1,1,1,1,1,1,1,1,1,1,1,1,1,1,1,1,1,1,1,1,1,1,1,1,1,1,1,1,1,1,1,1,1,1,1,1,1,1,1,1,1,1,1,1,1,1,1,1,1,1,1,1,1,1,1,1,1,1,1,1,1,1,1,1,1,1,1,1,1,1,1,1,1,82,1980.0,9.0,0.386266430210724,ACLY
29,48,0,1,1,0,1,0,1,1,1,1,0,1,0,1,1,0,1,1,0,1,1,1,0,0,0,0,1,1,0,1,0,1,1,0,0,1,1,1,0,1,0,0,0,1,0,1,1,1,1,1,1,1,1,1,1,1,1,1,0,0,1,1,1,1,1,1,0,0,0,0,0,1,0,1,1,0,0,0,1,1,1,1,1,0,1,0,0,1,1,1,0,0,0,1,1,1,1,0,1,0,1,0,1,0,0,1,0,1,1,0,1,0,0,0,1,0,1,1,0,1,1,0,0,1,1,1,1,1,1,1,1,1,1,1,1,1,1,1,0,0,0,0,0,0,0,0,1,1,1,1,0,1,0,0,1,1,1,1,1,0,1,0,0,1,1,1,0,0,0,1,1,1,1,0,1,0,1,0,1,0,0,1,0,1,1,0,1,0,0,0,1,0,1,1,0,1,1,0,0,1,1,1,1,1,1,1,1,1,1,1,1,1,1,1,0,0,0,0,0,0,0,0,1,1,1,1,0,1,0,0,1,1,1,0,0,0,1,1,1,1,1,1,0,1,0,1,0,0,0,1,1,1,1,1,1,0,1,0,1,1,1,1,1,1,1,1,1,1,1,1,0,1,1,1,1,0,1,1,1,1,1,1,1,1,1,1,1,1,1,0,1,0,0,1,1,1,1,1,1,0,1,1,1,1,1,1,1,1,1,1,1,1,1,1,1,1,1,1,1,1,1,1,1,1,1,1,1,1,1,0,0,1,0,0,0,1,1,1,1,1,1,1,1,1,1,1,1,1,1,1,1,1,1,1,1,1,1,1,1,1,1,1,1,1,1,1,1,1,1,1,1,1,1,1,1,1,1,1,1,1,1,1,1,1,1,1,1,0,0,0,0,1,1,1,1,1,1,1,1,1,1,0,1,1,0,0,0,1,1,1,1,1,1,1,1,1,1,1,1,1,1,1,1,1,1,1,1,1,1,1,75,1990.0,19.0,0.694971833924473,ACO1
30,49,1,1,0,0,1,1,0,0,0,1,1,0,0,0,1,0,1,0,0,0,1,1,0,0,0,1,1,0,1,1,0,0,1,0,0,1,0,0,1,0,1,0,0,1,1,1,1,1,1,1,1,1,1,1,1,1,1,1,0,0,1,1,0,1,1,0,1,1,1,1,1,0,1,1,0,1,1,1,0,0,0,0,1,0,1,1,1,1,0,0,1,0,0,1,1,0,1,1,1,1,0,1,1,1,1,1,1,1,1,0,1,0,1,0,0,0,0,0,0,0,0,1,1,0,1,1,1,0,1,1,0,1,0,0,1,0,1,1,1,0,1,1,1,1,1,1,0,0,0,0,0,1,0,0,1,1,0,0,1,0,1,1,1,1,0,0,1,0,0,1,1,0,1,1,1,1,0,1,1,1,1,1,1,1,1,0,1,0,1,0,0,0,0,0,0,0,0,1,1,0,1,1,1,0,1,1,0,1,0,0,1,0,1,1,1,0,1,1,1,1,1,1,0,0,0,0,0,1,0,0,1,1,0,1,1,0,0,0,1,1,1,1,0,1,0,1,1,1,1,1,1,1,1,1,1,1,1,0,1,1,1,0,0,0,0,0,0,0,0,0,0,0,0,0,0,0,0,0,0,0,0,0,0,0,0,0,0,0,0,0,0,0,0,0,0,0,0,0,0,0,0,0,0,0,0,0,0,0,0,0,0,0,0,0,0,0,0,0,0,0,0,0,0,0,0,0,0,0,0,0,0,0,0,0,0,0,0,0,0,0,0,0,0,0,0,0,0,0,0,0,0,0,0,0,0,0,0,0,1,1,1,1,1,1,1,0,0,0,0,0,0,0,0,0,0,0,0,0,0,0,0,0,0,0,0,0,0,0,0,0,0,0,0,0,0,0,0,0,0,0,0,0,0,0,0,0,0,0,0,0,0,0,0,0,0,0,0,0,0,0,0,0,0,0,0,0,0,0,0,0,32,1982.0,3.0,0.0659034007928229,ACR
31,50,1,1,1,1,1,0,1,1,1,1,0,1,0,0,1,1,1,1,0,0,1,0,0,0,0,1,1,0,0,1,0,1,0,1,0,1,1,0,1,1,1,0,0,1,1,1,1,1,1,1,1,1,1,1,1,1,1,1,0,1,0,0,1,0,0,1,1,1,1,1,1,0,0,0,0,1,1,1,1,0,0,0,1,1,0,0,1,1,0,0,0,0,0,0,1,0,1,1,0,1,1,1,0,1,1,1,1,0,1,1,0,0,0,1,0,1,0,1,1,0,1,1,1,1,0,1,1,1,0,0,1,0,1,0,1,1,1,0,0,1,1,0,1,1,1,0,0,1,0,0,0,0,0,1,0,0,0,0,1,1,0,0,1,1,1,0,0,0,0,0,1,0,1,1,0,1,1,1,0,1,1,1,1,0,1,1,0,1,0,1,0,1,0,1,1,0,1,1,1,1,0,1,1,1,0,0,1,0,1,0,1,1,1,0,0,1,1,0,1,1,0,0,0,1,0,0,0,0,0,1,0,0,0,1,1,1,0,0,1,1,1,1,0,1,0,0,0,0,0,0,0,0,1,1,1,1,1,0,1,1,1,1,1,1,1,1,1,1,1,1,1,1,1,1,1,1,1,1,1,1,1,1,1,1,1,1,1,1,1,1,1,1,1,1,1,1,1,1,1,1,1,1,1,1,1,1,1,1,1,1,1,1,1,1,1,1,1,1,1,1,1,1,1,1,1,1,1,1,1,1,1,1,1,1,1,1,1,1,1,1,1,1,1,1,1,1,1,1,1,1,1,1,1,1,1,1,1,1,1,1,1,1,1,1,1,1,1,1,1,1,1,1,1,1,1,1,1,1,1,1,1,1,1,1,1,1,1,1,1,1,1,1,1,1,1,1,1,1,1,1,1,1,1,1,1,1,1,1,1,1,1,1,1,1,1,1,1,1,1,1,1,1,1,1,1,1,1,1,1,1,45,1975.0,6.0,0.205690590444398,ACO2
32,51,1,1,1,1,1,0,1,1,1,0,0,0,0,1,1,1,1,1,1,1,1,0,1,0,0,1,1,1,1,1,0,1,1,1,0,1,1,1,1,1,1,1,1,0,1,1,1,1,1,1,1,1,1,1,1,1,1,1,1,1,0,0,1,1,1,0,1,1,1,1,0,1,0,1,0,0,0,0,1,1,1,1,1,0,0,0,1,0,1,0,0,0,1,0,1,1,1,0,0,1,1,1,1,0,0,1,0,1,1,0,1,0,1,0,1,0,1,0,0,1,1,0,0,1,1,1,1,1,1,0,1,1,1,1,1,0,1,1,0,0,0,0,1,0,1,0,1,0,1,1,0,1,0,0,1,1,1,1,1,0,0,0,1,0,1,0,0,0,1,0,1,1,1,0,0,1,1,1,1,0,0,1,0,1,1,0,1,0,1,0,1,0,1,0,0,1,1,0,0,1,0,1,0,1,1,0,1,1,1,1,1,0,1,1,0,0,0,0,1,0,1,0,1,1,1,1,0,1,0,0,1,1,1,0,0,0,1,1,1,1,1,1,1,1,0,0,0,0,0,0,0,0,1,1,1,0,1,1,1,1,1,1,1,1,1,1,1,1,1,1,1,1,1,1,1,1,1,1,1,1,1,1,0,0,0,1,1,1,1,1,1,1,1,1,1,1,1,1,1,1,1,1,1,1,1,1,1,1,1,1,1,1,1,1,1,1,1,1,1,1,1,1,1,1,1,1,1,1,1,1,1,1,1,0,0,1,1,1,1,1,1,1,1,1,1,1,1,1,1,1,0,1,1,1,1,1,1,1,1,1,1,1,1,1,1,1,1,1,1,1,1,1,1,1,1,1,1,1,1,1,1,1,1,1,1,1,1,1,1,1,1,1,1,1,1,1,1,1,1,1,1,1,1,1,1,1,1,1,1,1,1,1,1,1,1,1,1,1,1,1,1,1,1,1,1,1,1,1,1,1,39,1992.0,14.0,0.567311704569163,ACOX1
33,52,1,0,0,0,1,1,0,0,0,1,1,1,0,1,0,0,1,1,0,1,1,0,1,1,0,0,1,0,0,1,1,0,1,1,1,0,0,0,0,0,1,1,0,0,0,1,1,1,1,1,1,1,1,1,1,1,1,1,1,1,1,1,1,1,1,0,1,1,1,1,1,1,1,1,1,0,0,0,0,1,1,1,1,0,1,0,1,1,0,1,1,1,0,1,0,1,1,0,1,1,0,0,0,1,0,0,0,1,0,0,0,1,0,0,1,0,1,1,0,1,1,0,1,0,0,0,1,1,1,0,0,1,0,1,1,0,1,1,1,0,0,0,1,1,1,1,0,0,1,1,1,1,1,1,1,1,1,1,1,0,1,0,1,1,0,1,1,1,0,1,0,1,1,0,1,1,0,0,0,1,0,0,0,1,0,0,0,1,0,0,1,0,1,1,0,1,1,0,1,0,0,0,1,1,1,0,0,1,0,1,1,0,1,1,1,0,0,0,1,1,1,1,0,0,1,1,1,1,1,1,1,1,1,0,0,0,0,1,1,1,1,1,0,0,0,0,0,0,0,0,0,0,1,1,1,1,1,0,1,1,1,1,1,1,1,1,1,1,1,1,1,1,1,1,1,1,1,1,1,1,1,1,1,1,1,1,1,1,1,1,1,1,1,1,1,1,1,1,1,1,1,1,1,1,1,1,1,1,1,1,1,1,1,1,1,1,1,1,1,1,1,1,1,1,1,1,1,1,1,1,1,1,1,1,1,1,1,1,1,1,1,1,1,1,1,1,1,1,1,1,1,1,1,1,1,1,1,1,1,1,1,1,1,1,1,1,1,1,1,1,1,1,1,1,1,1,1,1,1,1,1,1,1,1,1,1,1,1,1,1,1,1,1,1,1,1,1,1,1,1,1,1,1,1,1,1,1,1,1,1,1,1,1,1,1,1,1,1,1,1,1,1,1,1,1,1,1,1,1,1,120,1978.0,12.0,0.541988316294596,ACP1
34,53,1,1,0,0,1,1,1,1,1,0,0,0,0,1,0,1,0,0,1,1,1,1,1,1,0,1,1,0,1,1,0,0,1,0,0,1,1,1,0,0,1,1,1,0,1,1,1,1,1,1,1,1,1,1,1,1,1,1,1,1,1,1,1,0,0,1,1,1,1,1,0,1,1,0,0,1,1,1,0,0,0,0,1,0,0,1,1,0,0,0,0,0,0,1,0,1,0,1,1,1,1,0,0,1,1,1,1,0,1,1,1,1,1,1,0,1,0,1,1,0,0,1,1,0,0,1,1,0,0,1,1,1,0,0,1,1,1,1,0,0,0,0,1,0,1,0,0,1,0,0,0,1,0,1,0,0,0,0,1,0,0,1,1,0,0,0,0,0,0,1,0,1,0,1,1,1,1,0,0,1,1,1,1,0,1,1,1,1,1,1,0,1,0,1,1,0,0,1,1,0,0,1,1,0,0,1,1,1,0,0,1,1,1,1,0,0,0,0,1,0,1,0,0,1,0,0,0,1,0,1,0,0,0,1,1,1,0,0,1,1,1,1,0,1,0,0,0,0,0,1,1,1,1,1,1,1,1,1,1,1,1,1,1,1,1,1,1,1,0,1,1,1,1,1,1,1,1,1,1,1,1,1,1,1,1,1,1,1,1,1,1,1,1,1,1,1,1,1,1,1,1,0,1,1,1,1,1,1,1,1,1,1,1,1,1,1,1,1,1,1,1,1,1,1,1,1,1,1,1,1,1,1,1,1,1,1,1,1,1,1,1,1,1,1,1,1,1,1,1,1,1,1,1,1,1,1,1,1,1,1,1,1,1,1,1,1,1,1,1,1,1,1,1,1,1,1,1,1,1,1,1,1,1,1,1,1,1,1,1,1,1,1,1,1,1,1,1,1,1,1,1,1,1,1,1,1,1,1,1,1,1,1,1,1,1,1,1,1,1,1,1,1,1,1,1,1,1,1,1,1,35,1970.0,6.0,0.204803880659295,ACP2
35,54,1,1,0,1,1,1,0,0,0,1,0,1,0,1,1,1,0,0,1,0,1,0,0,1,0,1,1,1,1,1,0,0,1,1,0,1,1,1,1,0,0,0,0,0,1,1,1,1,1,1,1,1,1,1,1,1,1,1,0,0,1,1,0,1,1,0,1,1,0,0,0,0,0,0,0,1,1,1,0,0,0,0,0,1,1,0,0,1,1,0,0,1,0,0,1,0,0,1,0,1,1,0,0,1,0,0,1,1,1,1,0,1,0,1,0,1,0,1,0,0,0,1,1,0,0,1,1,1,1,1,1,0,0,0,1,1,1,0,0,1,0,1,1,0,1,0,0,1,0,1,1,0,1,1,0,0,0,0,0,1,1,0,0,1,1,0,0,1,0,0,1,0,0,1,0,1,1,0,0,1,0,0,1,1,1,1,0,1,0,1,0,1,0,1,0,0,0,1,1,0,0,1,1,1,1,1,1,0,0,0,1,1,1,0,0,1,0,1,1,0,1,0,0,1,0,1,1,0,1,1,0,0,0,1,1,1,0,0,1,1,1,1,1,1,1,0,0,0,1,0,0,0,1,1,1,1,1,0,1,1,1,0,0,0,1,0,0,0,0,0,0,0,0,0,0,0,0,1,0,0,0,0,0,0,0,0,0,1,0,0,0,0,1,0,0,1,0,0,0,0,0,0,1,0,0,1,1,1,1,1,1,1,1,0,1,1,1,1,1,1,1,1,1,0,0,0,1,1,1,1,1,1,1,1,1,1,1,1,1,1,1,0,0,1,0,1,1,0,1,1,1,1,1,1,1,1,1,1,0,0,0,1,0,0,0,1,1,1,1,1,0,0,0,0,1,1,1,0,1,0,0,1,1,1,1,1,1,1,1,1,1,1,1,1,0,0,0,0,0,1,1,0,0,1,1,1,1,1,1,0,1,1,1,1,1,1,1,1,1,1,1,1,1,1,1,1,1,0,0,0,78,1989.0,25.0,0.86673273523889,ACP5
36,55,0,0,0,0,1,1,0,0,1,0,0,0,1,1,0,1,0,0,1,1,0,1,0,0,1,1,1,0,1,1,1,0,1,0,1,1,1,1,0,0,0,1,1,0,0,1,1,1,1,1,1,1,1,1,1,1,1,1,1,1,0,1,0,1,1,1,0,0,0,0,0,0,0,1,1,0,0,0,1,1,1,1,0,0,1,0,0,1,1,1,1,1,1,1,0,1,0,0,1,1,0,1,0,1,1,1,0,1,0,0,0,1,1,0,1,0,1,1,1,0,0,0,0,0,1,0,0,0,0,0,0,1,0,1,1,1,1,1,0,1,0,0,0,0,1,0,1,0,1,1,0,1,0,0,1,1,1,1,0,0,1,0,0,1,1,1,1,1,1,1,0,1,0,0,1,1,0,1,0,1,1,1,0,1,0,0,0,1,1,0,1,0,1,1,1,0,0,0,0,0,1,0,0,0,0,0,0,1,0,1,1,1,1,1,0,1,0,0,0,0,1,0,1,0,1,1,0,1,0,0,1,1,1,0,0,0,1,1,1,1,1,1,1,1,1,1,1,1,1,1,1,1,1,1,1,1,1,1,1,1,1,0,0,0,0,0,0,0,1,0,0,0,0,0,0,1,0,0,0,0,0,0,0,0,0,0,0,1,0,0,0,0,0,0,0,0,0,0,0,0,0,1,1,1,0,1,1,1,1,0,0,0,0,0,0,0,0,0,0,1,1,1,1,0,0,0,0,0,0,0,0,0,0,0,0,0,0,0,1,1,0,0,0,0,0,0,1,0,0,0,0,0,0,0,1,0,1,0,0,0,0,0,0,0,0,0,0,0,0,0,0,0,0,0,1,1,1,0,0,0,0,1,1,1,0,0,0,1,1,1,1,0,1,0,0,0,0,0,0,0,0,0,0,0,0,1,0,0,0,0,0,0,0,0,0,0,0,0,0,0,0,0,0,0,0,1,0,0,0,0,85,1978.0,34.0,0.908408095138744,ACPP
37,56,0,0,0,0,1,1,0,0,0,0,1,0,1,0,1,1,0,0,0,1,1,0,1,0,1,1,1,0,0,0,1,0,0,0,1,0,0,0,0,0,1,1,1,1,1,1,1,1,1,1,1,1,1,1,1,1,1,1,0,0,1,1,0,1,1,1,1,1,1,0,1,1,1,1,1,0,0,0,0,0,1,0,0,0,1,1,0,0,1,0,0,0,1,1,0,1,0,0,1,0,1,1,0,0,0,1,0,0,0,0,1,0,0,0,1,0,1,0,1,0,0,0,0,1,1,0,0,1,0,0,0,0,0,1,1,0,1,1,1,1,1,1,0,1,0,1,1,0,0,0,1,1,1,0,1,1,1,0,0,0,1,1,0,0,1,0,0,0,1,1,0,1,0,0,1,0,1,1,0,0,0,1,0,0,0,0,1,0,0,0,1,0,1,0,1,0,0,0,0,1,1,0,0,1,0,0,0,0,0,1,1,0,1,1,1,1,1,1,0,1,0,1,1,0,0,0,1,1,1,1,1,1,1,0,0,0,0,1,1,1,1,1,1,1,1,0,1,0,1,1,1,0,1,1,1,1,1,0,1,1,1,0,0,0,0,0,0,0,0,0,0,0,0,0,0,0,0,0,0,0,0,0,0,0,0,0,0,0,0,0,0,0,0,0,0,0,0,0,0,0,0,0,0,0,0,0,0,0,0,0,0,0,0,0,0,0,0,0,0,0,0,0,0,0,0,0,0,0,0,0,0,0,0,0,0,0,0,0,0,0,0,0,0,0,0,0,0,0,0,0,0,0,0,0,0,0,0,0,1,1,1,1,1,1,1,0,0,0,0,0,0,0,0,0,0,0,0,0,0,0,0,0,0,0,0,0,0,0,0,0,0,0,0,0,0,0,0,0,0,0,0,0,0,0,0,0,0,0,0,0,0,0,0,0,0,0,0,0,0,0,0,0,0,0,0,0,0,0,0,0,13,1990.0,6.0,0.24173273523889,ACRV1
38,58,1,1,0,0,1,1,1,1,0,1,0,1,1,0,1,0,1,0,0,1,0,0,0,0,0,1,1,0,0,1,1,0,1,0,1,1,1,1,0,0,0,0,1,0,0,1,1,1,1,1,1,1,1,1,1,1,1,1,0,0,1,1,0,1,1,0,1,0,1,0,0,1,0,0,0,1,1,1,0,0,0,0,1,1,0,0,1,1,0,0,0,0,0,0,1,1,0,1,0,1,0,0,0,1,1,0,1,0,1,0,0,0,1,1,0,1,0,1,1,0,0,1,1,0,0,1,0,1,0,1,1,0,0,0,1,1,1,0,0,1,1,0,0,1,0,0,0,1,0,0,1,0,1,1,0,0,0,0,1,1,0,0,1,1,0,0,0,0,0,0,1,1,0,1,0,1,0,0,0,1,1,0,1,0,1,0,0,0,1,1,0,1,0,1,1,0,0,1,1,0,0,1,0,1,0,1,1,0,0,0,1,1,1,0,0,1,1,0,0,1,0,0,0,1,0,0,1,0,1,1,0,0,0,1,1,1,0,0,1,1,1,1,1,1,1,0,0,0,0,0,0,0,1,1,1,0,1,0,1,1,1,0,0,0,1,0,0,0,0,0,0,0,0,0,1,0,0,0,0,0,0,0,0,0,0,0,0,0,0,0,0,0,0,0,0,0,0,0,0,0,0,0,0,0,0,0,1,0,0,0,0,0,0,0,0,0,0,0,0,0,0,1,1,0,0,0,0,0,0,0,0,0,0,0,0,0,0,0,0,0,0,0,0,0,0,0,0,1,0,0,0,0,0,0,0,0,0,0,0,0,0,0,0,0,0,0,0,0,0,1,0,0,0,0,1,0,0,1,1,1,1,0,0,0,0,0,0,0,0,0,0,0,0,0,1,1,1,1,1,0,0,0,0,0,0,0,0,0,0,1,0,0,0,0,0,0,0,0,0,0,0,0,0,0,0,0,0,0,0,0,332,1978.0,16.0,0.63858752347173,ACTA1
39,70,1,1,1,1,0,0,0,1,0,1,0,1,1,0,1,0,1,0,0,1,0,0,0,0,0,1,1,0,0,1,1,0,1,0,1,1,1,1,0,0,0,0,1,0,1,1,1,1,1,1,1,1,1,1,1,1,1,1,0,0,1,1,0,1,1,1,1,0,0,0,0,1,0,0,0,1,1,0,0,1,0,0,0,1,1,0,1,0,1,0,0,0,0,0,1,1,1,1,0,1,0,0,0,1,1,1,1,0,1,0,1,0,0,1,0,0,0,1,1,1,0,1,0,1,0,1,0,1,0,1,0,0,0,1,1,1,1,1,0,1,0,1,0,0,0,0,0,1,0,0,1,0,1,1,0,0,0,0,0,1,1,1,1,0,1,0,0,0,0,0,1,1,1,1,0,1,0,0,0,1,1,1,1,0,1,0,1,0,0,1,0,0,0,1,1,1,0,1,0,1,0,1,0,1,0,1,0,0,0,1,1,1,1,1,0,1,0,1,0,0,0,0,0,1,0,0,1,0,1,1,0,0,1,0,0,0,1,1,1,1,1,1,1,1,1,0,0,0,0,0,0,0,1,1,1,0,1,0,1,1,1,0,0,0,0,0,0,0,0,0,0,0,1,0,0,0,0,0,0,0,0,0,0,0,0,0,1,0,0,0,0,0,0,0,0,0,0,0,0,0,0,0,0,0,0,0,0,0,0,0,0,0,0,0,0,0,0,0,0,1,1,1,1,0,0,0,0,0,0,0,0,0,0,0,0,0,0,0,1,1,1,0,0,0,0,0,0,1,0,0,0,1,0,1,0,0,0,0,0,0,0,0,0,0,0,1,1,0,1,1,0,0,0,0,1,0,0,1,1,1,1,0,0,0,0,0,0,0,0,0,0,0,0,0,1,1,1,1,1,0,0,0,0,0,0,0,0,0,1,0,0,0,0,0,0,0,0,0,0,0,0,1,0,0,1,0,0,0,0,1,159,1976.0,21.0,0.758136866263301,ACTC1
40,81,1,1,1,1,0,0,1,1,1,1,0,1,1,0,0,1,1,1,0,1,1,0,1,1,0,0,1,0,1,1,1,1,1,1,1,0,0,1,0,1,0,0,1,0,1,1,1,1,1,1,1,1,1,1,1,1,1,1,1,1,0,0,1,1,1,0,1,1,0,0,1,1,0,0,0,1,1,1,1,0,0,0,1,1,0,0,1,1,0,0,1,0,0,0,1,1,0,1,0,1,1,0,0,1,1,0,1,0,1,1,0,0,1,1,0,1,0,1,1,0,0,1,1,0,0,1,0,0,0,1,0,0,1,0,1,1,1,0,0,1,1,0,1,0,1,0,0,1,0,0,0,0,0,1,0,0,0,0,1,1,0,0,1,1,0,0,1,0,0,0,1,1,0,1,0,1,1,0,0,1,1,0,1,0,1,1,0,0,1,1,0,1,0,1,1,0,0,1,1,0,0,1,0,0,0,1,0,0,1,0,1,1,1,0,0,1,1,0,1,0,1,0,0,1,0,0,0,0,0,1,0,0,0,1,1,1,1,0,1,1,1,1,1,1,1,0,0,0,0,0,0,0,1,1,1,0,1,0,1,1,1,1,1,1,1,1,1,1,1,1,1,1,1,1,1,1,1,1,1,1,1,1,1,1,1,1,1,1,1,1,1,1,1,1,1,1,1,1,1,1,1,1,1,1,1,1,1,1,1,1,1,1,1,1,1,1,1,1,1,1,1,1,1,1,1,1,1,1,1,1,1,1,1,1,1,1,1,1,1,1,1,1,1,1,1,1,1,1,1,1,1,1,1,1,1,1,1,1,1,1,1,1,1,1,1,1,1,1,1,1,1,1,1,1,1,1,1,1,1,1,1,1,1,1,1,1,1,1,1,1,1,1,1,1,1,1,1,1,1,1,1,1,1,1,1,1,1,1,1,1,1,1,1,1,1,1,1,1,1,1,1,1,1,1,1,1,1,1,1,1,187,1990.0,9.0,0.358282912580847,ACTN4
41,86,0,1,1,1,0,0,0,0,1,0,1,1,0,1,1,0,1,0,0,1,1,0,0,0,0,1,1,1,1,1,1,0,1,0,1,1,1,1,0,0,1,1,0,1,0,1,1,1,1,1,1,1,1,1,1,1,1,1,0,1,0,0,1,0,0,1,1,1,1,1,1,0,0,0,1,0,0,0,0,1,1,1,0,0,1,1,0,0,1,1,0,0,1,1,0,1,1,0,1,0,0,1,1,0,1,1,0,0,0,0,1,1,0,0,0,0,1,0,0,1,1,0,0,1,1,1,0,1,1,0,0,1,0,1,1,0,1,1,1,0,0,1,1,0,1,1,1,0,1,1,0,1,0,0,1,1,1,1,0,0,1,1,0,0,1,1,0,0,1,1,0,1,1,0,1,0,0,1,1,0,1,1,0,0,0,0,1,1,0,0,0,0,1,0,0,1,1,0,0,1,1,1,0,1,1,0,0,1,0,1,1,0,1,1,1,0,0,1,1,0,1,1,1,0,1,1,0,1,0,0,1,1,1,0,0,0,0,1,1,1,1,1,0,0,0,0,0,0,0,0,0,0,1,1,1,1,1,0,1,1,1,1,1,1,1,1,1,1,1,1,1,1,1,1,1,1,1,1,1,1,1,1,1,1,1,1,1,1,1,1,1,1,1,1,1,1,1,1,1,1,1,1,1,1,1,1,1,1,1,1,1,1,1,1,1,1,1,1,1,1,1,1,1,1,1,0,1,1,1,1,1,1,1,1,1,1,1,1,1,1,1,1,1,1,1,1,1,1,1,1,1,1,1,1,1,1,1,1,1,1,1,1,1,1,1,1,1,1,1,1,1,1,1,1,1,1,1,1,1,1,1,1,1,1,1,1,1,1,1,1,1,1,1,1,1,1,1,1,1,1,1,1,1,1,1,1,1,1,1,1,1,1,1,1,1,1,1,1,1,1,1,1,1,1,1,1,1,1,1,1,91,1994.0,14.0,0.651001460463175,ACTL6A
42,87,1,1,1,1,0,0,1,1,1,1,0,1,1,0,0,1,1,1,0,1,1,0,1,1,0,1,1,0,1,1,1,1,1,1,1,0,0,1,0,1,0,0,1,0,1,1,1,1,1,1,1,1,1,1,1,1,1,1,1,1,1,1,1,1,1,0,1,0,1,1,1,0,1,0,0,1,1,1,1,0,1,0,1,1,1,1,1,1,0,0,0,0,0,0,1,1,0,1,0,1,1,0,0,1,0,0,1,1,1,1,0,0,1,1,0,1,0,1,1,0,0,1,1,0,0,1,0,0,0,1,0,0,1,0,1,1,1,0,0,1,0,0,0,0,1,0,0,1,0,0,1,0,0,1,0,0,1,0,1,1,1,1,1,1,0,0,0,0,0,0,1,1,0,1,0,1,1,0,0,0,0,0,1,1,1,1,0,0,1,1,0,1,0,1,1,0,0,1,1,0,0,1,0,0,0,1,0,0,1,0,1,1,1,0,0,0,0,0,0,0,1,0,0,1,0,0,1,0,0,1,0,0,0,1,1,1,1,0,1,1,1,1,1,1,1,0,0,0,0,0,0,0,1,1,1,0,1,1,1,1,1,1,1,1,1,1,1,1,0,1,1,1,1,1,1,1,1,1,0,1,1,1,1,1,1,1,1,1,1,1,1,1,1,1,1,1,1,1,1,1,1,0,1,1,1,1,1,1,1,1,1,1,1,1,1,1,1,1,1,1,1,1,1,1,1,1,1,1,1,1,1,1,1,1,1,1,1,1,1,1,1,1,1,1,1,1,1,1,1,1,1,1,1,1,1,1,1,1,1,1,1,1,1,1,1,1,1,1,1,1,1,1,1,1,1,1,1,1,1,1,1,1,1,1,1,1,1,1,1,1,1,1,1,1,1,1,1,1,1,1,1,1,1,1,1,1,1,1,1,1,1,1,1,1,1,1,1,1,1,1,1,1,1,1,1,1,1,1,1,1,177,1989.0,24.0,0.749739203004381,ACTN1
43,88,1,1,1,1,0,0,1,1,1,1,0,1,1,0,0,1,1,1,0,1,1,0,1,1,0,0,1,0,1,1,1,1,1,1,1,0,0,1,0,1,0,0,1,0,0,1,1,1,1,1,1,1,1,1,1,1,1,1,0,0,1,1,0,1,1,0,0,1,0,0,0,1,0,0,1,0,0,0,1,1,1,0,1,1,1,0,1,1,1,1,0,1,0,0,1,1,1,0,0,1,1,0,0,0,0,0,1,0,1,1,1,0,0,1,1,1,0,1,1,1,0,1,1,1,0,0,0,0,0,0,0,0,1,0,1,1,1,0,0,0,1,0,1,0,1,0,0,1,0,0,1,0,0,1,0,0,1,0,1,1,1,0,1,1,1,1,0,1,0,0,1,1,1,0,0,1,1,0,0,0,0,0,1,0,1,1,1,0,0,1,1,1,0,1,1,1,0,1,1,1,0,0,0,0,0,0,0,0,1,0,1,1,1,0,0,0,1,0,1,0,1,0,0,1,0,0,1,0,0,1,0,0,1,0,0,1,1,1,1,1,1,1,1,1,1,0,0,1,0,1,1,1,1,1,1,0,1,1,1,1,1,0,0,0,0,0,0,0,0,0,0,0,0,0,0,0,0,0,0,0,0,0,0,0,0,0,0,0,0,0,0,0,0,0,0,0,0,0,0,0,0,0,0,0,0,0,0,0,0,0,0,0,0,0,1,0,0,0,0,0,0,0,1,1,1,1,0,0,0,0,0,0,0,0,0,0,0,0,0,0,0,0,0,0,0,0,0,0,0,0,0,0,0,0,0,0,0,0,0,0,0,0,0,0,0,0,0,0,0,0,0,0,0,0,1,0,0,1,1,1,1,0,0,0,0,0,0,0,0,0,0,0,0,0,1,1,1,1,1,0,0,0,0,0,0,0,0,0,0,1,0,0,0,0,0,0,0,0,0,0,0,0,0,0,0,0,0,0,0,0,107,1992.0,16.0,0.854292718547882,ACTN2
44,90,1,1,1,1,0,0,1,1,1,0,1,1,0,0,1,0,1,1,1,1,1,0,1,0,0,1,1,1,1,1,0,1,1,0,0,1,1,1,1,1,1,1,0,0,0,1,1,1,1,1,1,1,1,1,1,1,1,1,1,1,1,1,0,1,1,0,0,0,0,0,1,0,0,1,1,0,0,0,1,1,1,1,0,0,1,1,1,0,1,0,0,1,0,1,0,1,1,0,1,0,0,1,0,1,1,0,0,1,0,0,1,0,1,0,1,0,1,0,0,1,0,0,0,0,1,1,0,1,1,0,1,1,1,1,1,0,1,1,1,1,1,0,1,1,1,1,1,1,1,0,0,1,0,0,1,1,1,1,0,0,1,1,1,0,1,0,0,1,0,1,0,1,1,0,1,0,0,1,0,1,1,0,0,1,0,0,1,0,1,0,1,0,1,0,0,1,0,0,0,0,1,1,0,1,1,0,1,1,1,1,1,0,1,1,1,1,1,0,1,1,1,1,1,1,1,0,0,1,0,0,1,1,1,0,0,0,1,1,1,1,1,1,1,1,1,0,0,1,1,1,1,1,1,1,1,1,1,0,1,1,1,0,1,1,1,1,1,1,0,1,1,1,0,1,1,0,1,1,0,0,1,0,0,1,1,1,1,0,1,1,1,1,1,0,0,1,1,1,0,0,1,0,1,0,1,1,1,1,1,1,1,1,0,1,1,1,1,1,1,1,1,1,1,1,1,1,1,1,1,1,0,0,0,0,0,1,1,1,1,1,1,1,1,1,1,1,1,1,1,1,1,1,1,1,1,1,1,1,0,0,0,0,0,0,0,1,1,1,1,1,1,1,1,1,1,1,1,1,1,1,1,1,1,0,1,1,1,0,0,0,0,1,1,1,1,1,1,1,1,1,1,1,1,1,1,1,0,1,1,1,1,1,1,1,1,1,1,1,1,0,1,1,1,1,1,1,1,1,1,1,111,1993.0,12.0,0.599311495931567,ACVR1
45,91,1,1,1,1,0,0,1,1,1,0,1,1,0,0,1,1,1,0,1,1,1,0,0,1,0,0,1,1,1,1,0,1,1,1,0,1,1,1,0,1,0,0,0,0,1,1,1,1,1,1,1,1,1,1,1,1,1,1,1,1,1,1,1,1,1,0,0,0,0,0,0,0,0,1,1,0,0,1,1,1,0,0,1,0,1,0,1,1,0,0,0,1,0,1,1,1,1,0,0,1,0,1,0,1,1,0,1,1,1,1,1,0,1,1,1,1,0,1,0,1,0,1,0,1,0,1,1,0,1,1,1,1,1,1,1,1,1,1,0,1,1,1,0,1,1,1,1,1,0,0,0,1,0,0,1,1,0,0,1,1,1,0,1,1,0,0,0,1,0,1,1,1,1,0,0,1,0,1,0,1,1,0,1,1,1,1,1,0,1,1,1,1,0,1,0,1,0,1,0,1,0,1,1,0,1,1,1,1,1,1,1,1,1,1,0,1,1,1,0,1,1,1,1,0,0,0,0,1,0,0,1,1,0,1,1,1,1,1,1,1,1,1,1,1,1,1,1,0,0,1,1,1,1,1,1,1,1,1,1,1,1,1,1,0,1,1,1,1,0,1,1,1,0,1,1,1,1,1,1,1,1,1,1,1,1,0,1,0,1,1,1,1,0,1,1,0,0,0,0,1,1,1,0,1,1,1,1,1,1,1,1,1,1,1,1,0,1,1,0,1,1,1,1,1,1,1,1,1,1,0,0,0,0,0,0,0,1,0,1,1,1,1,1,1,1,1,1,1,1,1,1,0,1,1,0,1,1,1,1,1,1,1,1,1,1,1,1,1,1,0,1,1,1,1,1,1,1,0,1,1,1,1,1,1,1,1,1,1,1,0,1,1,1,1,1,1,1,1,1,1,1,1,1,1,0,0,0,0,1,0,1,1,1,1,1,1,1,1,1,1,1,1,1,1,1,1,1,1,1,0,78,1993.0,8.0,0.523054454412685,ACVR1B
46,92,0,1,1,1,0,0,0,0,1,1,1,1,1,1,0,1,1,1,0,1,1,1,0,0,0,0,1,1,1,1,1,1,1,0,1,1,1,1,0,1,0,0,1,0,0,1,1,1,1,1,1,1,1,1,1,1,1,1,1,1,1,1,1,0,0,0,0,1,0,0,0,1,0,1,1,0,0,0,1,1,1,1,0,0,1,1,1,0,1,1,0,1,0,1,0,1,1,0,0,0,0,1,1,0,0,1,0,0,0,0,0,1,0,0,1,0,1,1,0,1,1,0,0,1,1,0,0,1,1,1,0,1,1,1,1,0,1,1,1,0,0,1,1,0,1,1,1,0,1,1,0,1,0,0,1,0,1,1,0,0,1,1,1,0,1,1,0,1,0,1,0,1,1,0,0,0,0,1,1,0,0,1,0,0,0,0,0,1,0,0,1,0,1,1,0,1,1,0,0,1,1,0,0,1,1,1,0,1,1,1,1,0,1,1,1,0,0,1,1,0,1,1,1,0,1,1,0,1,0,0,1,0,1,0,0,0,1,1,1,1,1,1,0,1,0,1,1,1,1,1,1,1,1,1,1,1,1,0,1,1,1,0,0,0,0,0,0,0,0,0,0,1,0,0,1,0,0,0,0,0,0,0,0,1,1,0,1,0,1,1,0,0,0,0,0,0,0,0,0,0,0,0,0,0,0,0,0,0,0,0,0,1,0,0,0,0,0,0,0,0,0,0,0,0,0,0,0,1,1,0,0,0,0,0,0,0,0,0,0,0,0,0,0,0,0,1,0,1,0,0,0,0,0,1,1,1,0,0,1,0,0,0,0,0,0,1,1,1,0,0,1,0,0,0,1,0,1,0,0,0,0,1,1,1,0,0,0,0,0,0,1,1,1,1,0,0,0,0,0,0,0,0,0,0,0,0,0,1,1,0,1,1,1,1,1,1,0,0,0,1,1,0,1,0,1,0,1,0,1,0,96,1991.0,16.0,0.636840183601085,ACVR2A
47,93,0,1,1,1,0,0,1,1,1,0,1,0,1,0,1,1,0,0,1,0,0,1,0,0,0,0,1,1,1,1,1,1,1,0,1,1,1,1,0,1,0,0,1,0,0,1,1,1,1,1,1,1,1,1,1,1,1,1,1,1,1,1,1,1,1,1,0,0,0,0,0,0,0,0,0,0,1,1,1,0,0,0,1,1,0,0,1,1,0,0,0,0,0,0,1,0,0,1,0,1,0,1,1,1,1,1,1,1,1,1,1,0,1,1,0,1,0,1,1,0,0,1,0,1,0,1,1,0,1,0,1,0,1,0,1,1,1,0,0,0,1,0,0,1,1,1,0,1,1,0,0,0,0,1,0,0,0,0,1,1,0,0,1,1,0,0,0,0,0,0,1,0,0,1,0,1,0,1,1,1,1,1,1,1,1,1,1,0,1,1,0,1,0,1,1,0,0,1,0,1,0,1,1,0,1,0,1,0,1,0,1,1,1,0,0,0,1,0,0,1,1,1,0,1,1,0,0,0,0,1,0,0,0,0,0,0,1,1,1,1,1,1,0,1,0,0,0,0,0,1,1,1,1,1,1,1,1,0,1,1,1,0,0,0,1,0,0,0,0,0,0,0,0,0,0,0,0,1,0,0,0,1,0,1,1,0,0,0,0,0,0,0,0,0,0,0,0,0,1,0,0,0,0,0,0,0,0,0,0,0,0,0,0,0,0,0,0,0,0,0,0,0,0,0,0,0,0,0,0,0,0,0,0,0,0,0,0,0,0,0,0,0,0,0,0,0,0,0,0,0,0,0,0,0,0,0,0,0,0,0,0,0,0,0,0,0,0,0,0,0,0,0,0,0,0,0,0,0,0,0,0,0,0,0,0,0,0,0,0,0,0,0,0,0,0,0,0,0,0,0,0,0,0,0,0,0,0,0,0,0,0,0,0,0,0,0,0,0,0,0,0,0,0,0,0,0,0,0,0,1,65,1993.0,14.0,0.56081785937826,ACVR2B
48,94,1,1,1,0,1,0,1,1,1,0,1,1,0,0,1,1,0,0,1,0,0,1,1,1,0,1,1,1,1,0,0,1,0,1,0,1,1,1,1,1,1,0,0,0,1,1,1,1,1,1,1,1,1,1,1,1,1,1,0,0,1,1,0,1,1,0,1,0,0,0,0,0,1,0,0,1,1,1,0,0,0,0,1,0,0,1,1,1,0,0,1,1,0,0,1,0,0,1,0,1,1,0,0,1,1,0,1,0,1,1,0,1,1,1,0,1,0,1,1,0,0,1,1,0,0,1,1,0,0,0,1,0,1,0,1,0,1,0,0,1,1,0,0,1,1,0,0,0,1,0,0,0,0,1,0,0,0,0,1,0,0,1,1,1,0,0,1,1,0,0,1,0,0,1,0,1,1,0,0,1,1,0,1,0,1,1,0,1,1,1,0,1,0,1,1,0,0,1,1,0,0,1,1,0,0,0,1,0,1,0,1,0,1,0,0,1,1,0,0,1,1,0,0,0,1,0,0,0,0,1,0,0,0,1,1,1,1,0,1,1,1,1,0,1,0,1,0,1,1,1,1,1,1,1,1,1,1,0,1,1,1,0,0,0,0,0,0,0,0,1,0,0,0,0,0,0,0,0,0,0,0,0,0,0,0,0,0,0,0,0,0,0,0,0,0,0,0,0,0,0,0,0,0,0,0,1,1,1,1,0,0,0,1,1,1,1,1,1,1,0,0,0,1,0,0,0,1,0,1,1,1,1,1,1,1,1,1,1,1,1,1,0,1,1,1,1,1,1,1,1,1,1,1,0,1,1,1,1,0,0,0,0,0,0,0,1,1,1,1,1,1,1,1,1,1,1,1,1,1,1,1,0,0,1,0,0,0,0,0,0,0,1,1,1,1,1,1,1,1,1,1,0,1,1,0,0,0,1,1,1,1,1,1,1,1,1,1,1,1,1,1,1,1,1,1,1,1,0,0,0,134,1993.0,27.0,0.874739203004381,ACVRL1
49,97,1,0,0,1,1,1,0,0,0,0,0,1,0,1,1,1,1,1,0,0,1,0,1,0,0,0,1,1,1,0,0,0,1,1,0,0,1,0,1,0,1,1,0,0,1,1,1,1,1,1,1,1,1,1,1,1,1,1,0,0,1,1,0,1,1,0,1,1,1,1,1,1,1,1,0,1,0,0,0,1,1,1,1,1,0,1,0,0,1,0,0,0,0,1,1,0,1,0,1,0,0,1,0,0,0,0,0,0,0,0,1,0,0,0,0,0,1,1,0,1,1,0,0,0,1,0,1,1,1,1,1,0,0,1,1,0,1,0,1,0,0,0,0,0,1,0,0,1,1,1,1,1,1,1,1,1,1,1,1,1,0,1,0,0,1,1,0,0,0,1,1,0,1,0,1,0,0,1,0,0,0,0,0,0,0,0,1,0,0,0,0,0,1,1,0,1,1,0,0,0,1,0,1,1,1,1,1,0,0,1,1,0,1,0,1,0,0,0,0,0,1,0,0,1,1,1,1,1,1,1,1,1,1,0,0,0,0,1,1,1,1,1,0,0,0,0,0,0,0,0,0,0,1,1,1,1,1,0,1,1,1,1,1,1,1,1,1,1,1,1,1,1,1,1,1,1,1,1,1,1,1,1,1,1,1,1,1,1,1,1,1,1,1,1,1,1,1,1,1,1,1,1,1,1,1,1,1,1,1,0,0,1,0,0,1,1,0,1,0,1,1,0,1,1,1,1,1,1,1,1,1,1,1,1,1,1,1,1,1,1,1,1,1,1,1,1,1,0,0,1,1,1,1,1,1,1,1,1,1,1,1,1,1,1,1,0,0,0,1,0,1,1,1,1,1,0,1,1,1,1,1,1,1,1,0,1,1,1,1,1,1,1,0,0,1,1,1,1,1,1,1,1,1,1,1,1,1,1,1,1,1,1,1,1,1,1,1,1,1,1,1,1,1,1,1,1,1,1,1,1,12,1986.0,11.0,0.495670769872731,ACYP1
50,98,0,0,0,0,0,1,0,0,0,0,0,0,0,1,1,0,0,1,0,1,1,0,0,1,1,1,1,1,1,1,0,0,1,1,0,0,0,0,1,0,1,1,0,1,0,1,1,1,1,1,1,1,1,1,1,1,1,1,1,1,1,1,1,1,1,1,1,1,1,1,1,1,1,0,1,0,0,0,1,1,1,1,0,0,1,1,1,0,1,1,0,1,1,1,0,1,1,0,1,0,0,0,1,0,0,0,0,0,0,0,0,0,1,0,0,0,1,0,0,0,0,0,0,1,0,1,0,1,0,1,1,1,0,1,1,1,1,1,1,1,1,1,0,1,1,0,1,1,0,1,1,1,1,0,1,1,1,1,0,1,1,1,1,0,0,1,1,1,1,1,0,1,1,0,1,0,0,0,0,0,0,0,0,0,1,0,0,0,0,0,0,0,1,1,0,0,0,0,0,0,1,1,0,1,0,1,1,1,0,1,1,1,1,1,1,1,0,1,0,1,1,0,0,1,0,1,1,0,1,1,1,1,1,0,0,0,0,1,1,1,1,1,0,0,0,0,0,0,0,0,0,0,1,1,1,0,1,0,1,1,1,0,0,0,0,1,0,0,1,1,0,1,0,1,1,1,0,0,1,0,1,1,1,0,0,0,0,1,1,1,1,1,0,0,1,1,0,1,1,1,0,1,1,1,1,1,1,1,1,1,1,1,1,1,0,1,1,1,1,1,1,1,1,1,1,1,1,1,0,1,1,1,1,1,1,1,1,1,1,0,0,1,1,1,1,1,1,1,1,0,1,1,1,1,1,1,1,1,0,1,1,1,1,0,1,1,1,1,1,1,1,1,1,1,1,1,1,1,1,1,1,1,1,1,1,1,0,1,1,1,1,1,1,1,1,1,1,1,1,1,1,1,1,1,1,1,1,1,1,1,0,0,0,0,0,1,1,1,1,0,1,1,1,0,1,0,1,1,1,1,28,1986.0,14.0,0.598555184644273,ACYP2
51,100,0,0,0,0,0,1,0,0,1,1,0,1,1,0,1,1,1,1,0,1,1,1,0,0,0,0,1,1,0,1,1,0,1,1,1,0,1,1,0,0,0,0,1,0,1,1,1,1,1,1,1,1,1,1,1,1,1,1,1,1,1,1,0,1,1,0,1,0,0,0,0,1,1,1,0,1,1,1,1,0,0,1,1,1,0,0,1,1,0,0,0,1,0,0,1,1,0,1,0,1,1,0,1,0,1,0,1,0,0,1,0,0,1,1,0,1,0,1,1,0,0,1,1,1,0,1,1,0,1,1,1,0,0,0,1,1,1,1,0,1,1,0,1,1,1,0,0,0,0,0,0,0,0,1,0,0,0,1,1,1,0,0,1,1,0,0,0,1,0,0,1,1,0,1,0,1,1,0,1,0,1,0,1,0,0,1,0,0,1,1,0,1,0,1,1,0,0,1,1,1,1,1,1,0,1,1,1,0,0,0,1,1,1,1,0,1,1,0,1,1,1,0,0,0,0,0,0,0,0,1,0,0,0,1,1,1,0,0,1,1,1,1,1,1,1,0,0,0,0,0,0,0,1,1,1,0,1,1,1,1,1,1,1,1,1,1,1,1,1,1,0,1,0,0,1,1,1,1,1,1,1,1,1,1,0,1,1,1,0,0,1,0,1,0,1,1,1,0,1,1,1,1,0,1,1,0,0,0,0,0,0,0,0,0,0,0,0,0,0,0,0,0,0,0,0,0,1,0,0,1,1,1,1,1,1,1,1,1,1,1,1,0,0,0,1,1,1,1,1,0,0,0,0,0,0,0,0,0,0,0,0,0,0,0,0,1,0,1,0,1,0,0,0,0,0,0,0,1,0,1,0,0,0,0,0,0,0,1,1,1,1,0,0,0,1,1,1,0,1,0,0,0,0,0,1,1,1,0,0,1,1,0,0,0,1,1,0,0,0,0,0,0,0,0,0,0,0,1,1,1,204,1983.0,36.0,0.907156269559775,ADA
52,101,0,0,0,0,1,1,1,1,1,1,1,0,0,0,1,1,0,0,0,0,0,1,1,1,0,0,1,1,0,0,0,1,0,0,0,1,0,0,1,1,1,0,0,1,1,1,1,1,1,1,1,1,1,1,1,1,1,1,1,1,1,1,0,1,1,0,0,0,0,0,1,1,0,1,0,1,1,1,0,0,0,0,1,0,0,0,1,1,0,0,1,1,0,0,0,0,0,1,0,1,1,0,1,1,1,0,1,0,1,1,1,0,1,1,0,1,0,1,1,0,0,1,1,1,0,1,1,1,0,1,1,0,1,0,1,1,1,0,0,1,0,0,0,1,0,1,0,1,0,0,0,0,0,1,0,0,0,0,1,0,0,0,1,1,0,0,1,1,0,0,0,0,0,1,0,1,1,0,1,1,1,0,1,0,1,1,1,0,1,1,0,1,0,1,1,0,0,1,1,1,0,1,1,1,0,1,1,0,1,0,1,1,1,0,0,1,0,0,0,1,0,1,0,1,0,0,0,0,0,1,0,0,0,1,1,1,1,0,1,1,1,1,0,1,0,1,1,1,0,1,1,1,1,1,1,1,1,0,1,1,1,1,0,0,1,0,0,1,0,0,1,0,0,0,0,0,1,0,0,0,0,0,1,0,0,0,0,1,0,0,0,0,0,0,0,0,0,0,0,0,0,0,1,0,0,0,0,0,0,0,0,0,0,0,0,0,1,0,0,0,0,0,0,0,0,0,1,1,1,1,1,1,1,1,1,0,1,1,1,1,1,0,0,0,0,0,0,0,1,0,0,0,0,0,0,0,0,0,0,0,0,0,0,0,0,1,0,0,1,0,0,0,0,0,1,0,0,0,0,0,0,0,0,0,0,0,0,1,1,1,1,0,0,0,0,0,0,0,0,0,0,0,0,0,0,0,1,0,0,0,1,0,0,0,0,0,0,0,0,0,0,0,0,0,0,0,0,0,0,0,48,1997.0,21.0,0.718573962027957,ADAM8
53,102,0,1,1,1,0,0,1,1,1,0,1,1,0,1,1,1,1,1,0,1,1,0,1,1,0,1,1,0,0,1,1,1,1,1,1,0,0,0,1,1,1,1,0,1,1,1,1,1,1,1,1,1,1,1,1,1,1,1,1,1,1,1,1,1,1,1,0,1,0,0,0,0,0,0,1,0,0,0,1,1,1,1,0,0,1,1,0,0,1,1,0,1,1,1,0,0,1,0,1,0,0,1,1,0,0,1,0,1,0,0,1,0,0,0,1,0,1,0,0,1,1,0,0,1,1,0,0,1,1,0,0,1,1,1,1,0,1,1,1,0,0,1,0,1,0,1,1,1,0,1,0,1,0,0,1,1,1,1,0,0,1,1,0,0,1,1,0,1,1,1,0,0,1,0,1,0,0,1,1,0,0,1,0,1,0,0,1,0,0,0,1,0,1,0,0,1,1,0,0,1,1,0,0,1,1,0,0,1,1,1,1,0,1,1,1,0,0,1,0,1,0,1,1,1,0,1,0,1,0,0,1,1,1,0,0,0,1,1,1,1,1,1,1,1,1,1,1,1,1,1,1,1,1,1,1,1,1,0,1,1,1,1,1,1,1,1,1,1,1,1,1,1,1,1,1,1,1,1,1,1,1,1,1,1,1,1,1,1,1,1,1,1,1,1,1,1,1,1,1,1,1,1,1,1,1,1,1,1,1,1,1,1,1,1,1,1,1,1,1,1,1,1,1,1,1,1,1,1,1,1,1,1,1,1,1,1,1,1,1,1,1,1,1,1,1,1,1,1,1,1,1,1,1,1,1,1,1,1,1,1,1,1,1,1,1,1,1,1,1,1,1,1,1,1,1,1,1,1,1,1,1,1,1,1,1,1,1,1,1,1,1,1,1,1,1,1,1,0,1,1,1,1,1,1,1,1,1,1,1,1,1,1,1,1,1,1,1,1,1,1,1,1,1,1,1,1,1,1,1,1,251,1996.0,19.0,0.692207385770916,ADAM10
54,103,0,1,1,1,0,0,1,1,1,0,0,0,1,1,1,1,0,1,0,0,1,1,1,1,1,1,1,0,0,0,1,1,0,1,1,0,0,0,1,1,1,1,0,1,0,1,1,1,1,1,1,1,1,1,1,1,1,1,0,1,0,0,1,0,0,1,1,0,1,1,1,0,0,0,1,1,1,1,1,0,1,1,1,1,1,1,1,0,1,1,1,0,1,1,0,1,1,0,1,0,0,1,1,1,0,1,0,1,1,0,1,1,1,0,0,0,1,0,1,1,1,1,0,1,1,1,1,1,0,1,0,0,1,0,1,1,1,1,1,1,0,0,0,1,0,1,0,1,1,0,0,1,0,0,1,1,1,1,1,1,1,1,1,0,1,1,1,1,1,1,0,0,0,1,1,0,0,1,1,1,1,1,0,1,1,0,1,1,1,0,0,0,1,0,0,1,1,0,0,1,1,1,1,1,0,1,0,0,1,0,1,1,1,1,1,1,0,0,0,0,0,1,1,1,1,1,0,1,0,0,1,1,1,1,1,0,1,0,1,1,1,1,1,1,1,1,0,0,0,1,1,1,1,1,1,0,1,0,1,1,1,1,1,1,1,1,1,1,1,1,1,1,1,1,1,1,1,1,1,1,1,1,1,1,1,1,1,1,1,1,1,1,1,1,1,1,1,1,1,1,1,1,1,1,1,1,1,1,1,1,1,1,1,1,1,1,1,1,1,1,1,1,1,1,1,1,1,1,1,1,1,1,1,1,1,1,1,1,1,1,1,1,1,1,1,1,1,1,1,1,1,1,1,1,1,1,1,1,1,1,1,1,1,1,1,1,1,1,1,1,1,1,1,1,1,1,1,1,1,1,1,1,1,1,1,1,1,1,1,1,1,1,1,1,1,1,1,1,1,1,1,1,1,1,1,1,1,1,1,1,1,1,1,1,1,1,1,1,1,1,1,1,1,1,1,1,1,1,1,1,189,1988.0,6.0,0.245462132276236,ADAR
55,105,1,1,1,1,0,0,1,1,1,1,0,0,0,0,1,1,0,0,1,0,0,1,1,1,1,1,1,1,0,0,0,1,0,1,0,0,0,0,1,1,0,0,1,1,1,1,1,1,1,1,1,1,1,1,1,1,1,1,1,1,1,1,1,1,1,0,1,0,0,0,0,1,1,1,0,1,1,1,1,0,0,0,1,1,0,0,1,1,0,0,1,1,0,0,0,0,0,1,0,1,1,0,0,1,1,0,1,0,1,1,0,0,1,1,0,1,0,1,1,0,0,1,1,0,0,1,1,0,0,1,1,0,1,0,1,1,1,0,0,1,1,0,0,1,0,0,0,1,0,0,0,0,0,1,0,0,0,0,1,1,0,0,1,1,0,0,1,1,0,0,0,0,0,1,0,1,1,0,0,1,1,0,1,0,1,1,0,0,1,1,0,1,0,1,1,0,0,1,1,0,0,1,1,0,0,1,1,0,1,0,1,1,1,0,0,1,1,0,0,1,0,0,0,1,0,0,0,0,0,1,0,0,0,1,1,1,1,0,1,1,1,1,1,1,1,1,1,1,0,1,1,1,1,1,1,0,1,1,1,1,1,0,0,0,0,0,0,0,0,0,0,0,0,0,0,0,0,0,0,0,0,0,0,0,0,0,0,0,0,0,0,0,0,0,0,0,0,0,0,0,0,0,0,0,0,0,0,0,0,0,0,0,1,1,0,0,0,0,0,0,0,0,0,1,1,1,0,0,0,0,0,0,0,0,0,0,0,0,0,0,0,0,0,0,0,0,0,0,0,0,0,0,0,0,0,0,0,0,0,0,0,0,0,0,0,0,0,0,0,0,0,0,0,0,0,0,0,0,0,0,0,0,0,0,0,0,0,0,0,0,0,0,1,1,0,0,0,0,0,0,0,0,0,0,0,0,0,0,0,0,0,0,0,0,0,0,0,0,0,0,0,0,0,0,0,0,0,0,0,0,27,1997.0,6.0,0.310218026288337,ADARB2
56,107,1,1,1,1,0,0,1,1,1,1,1,0,0,1,1,0,1,0,1,1,0,0,0,1,0,1,1,1,0,1,0,1,1,0,0,1,1,1,1,1,0,0,1,0,0,1,1,1,1,1,1,1,1,1,1,1,1,1,0,0,1,1,0,1,1,0,0,0,0,0,0,0,0,0,0,1,1,1,1,0,0,0,1,1,0,0,1,1,0,0,0,1,0,1,1,1,1,1,0,1,0,1,0,1,1,0,1,0,1,1,1,0,1,1,0,1,0,1,1,0,0,1,1,0,0,1,1,1,0,1,1,0,1,0,1,1,1,0,0,1,1,0,0,1,0,1,0,1,1,1,0,0,0,1,0,0,0,0,1,1,0,0,1,1,0,0,0,1,0,1,1,1,1,1,0,1,0,1,0,1,1,0,1,1,1,1,1,0,1,1,0,1,0,1,1,0,0,1,1,0,0,1,1,1,0,1,1,0,1,1,1,1,1,0,0,1,1,0,0,1,0,1,0,1,1,1,0,0,0,1,0,0,0,1,1,1,1,0,1,1,1,1,0,1,0,1,1,1,0,1,1,1,1,1,1,0,1,1,1,1,1,0,0,0,0,0,0,0,0,0,0,0,0,0,0,0,0,0,0,0,0,0,0,0,0,0,0,1,0,1,1,0,1,0,0,0,0,0,0,0,0,0,0,0,1,0,0,0,0,0,0,0,0,0,0,0,0,0,0,0,0,0,0,1,1,1,0,0,0,0,0,0,0,0,0,0,0,0,0,0,0,0,0,0,0,0,0,0,0,0,0,0,0,0,0,0,0,0,0,0,0,0,0,0,0,0,0,0,0,0,0,0,0,0,0,0,0,0,0,0,0,0,0,0,0,0,0,0,0,0,0,0,0,0,0,1,1,1,1,0,0,0,0,0,0,0,0,0,0,0,0,0,0,0,0,0,0,0,0,0,0,0,0,0,0,0,0,0,0,0,38,1990.0,38.0,0.880137700813687,ADCY1
57,108,1,1,1,1,0,0,1,1,1,0,1,0,0,1,0,1,1,0,1,1,1,0,0,0,0,0,1,1,1,1,0,1,1,0,0,1,1,1,1,1,0,0,1,0,0,1,1,1,1,1,1,1,1,1,1,1,1,1,1,1,1,1,0,1,1,1,0,0,0,0,0,1,1,1,1,0,0,0,1,1,0,0,1,1,1,1,1,1,0,0,0,0,0,1,1,1,1,0,0,1,0,1,0,0,1,0,0,0,1,1,0,0,1,1,1,0,0,1,0,0,0,1,1,0,1,0,0,0,1,1,1,0,1,1,1,1,1,1,0,1,1,0,1,1,1,1,1,1,0,1,0,0,0,0,1,1,0,1,1,1,1,1,1,1,0,0,0,0,0,1,1,1,1,0,0,1,0,1,0,0,1,0,0,0,1,1,0,0,1,1,1,0,0,0,0,0,0,1,1,0,1,0,0,0,1,1,1,0,1,1,1,1,1,1,0,1,1,1,1,1,1,1,1,1,0,1,0,0,0,0,1,1,0,1,0,0,1,1,1,1,1,1,1,1,1,1,1,0,0,1,1,1,1,1,1,1,1,1,1,1,1,0,0,0,0,0,0,0,0,0,0,0,0,0,0,0,0,0,0,0,0,0,0,1,1,0,0,0,0,0,0,0,1,0,0,0,0,0,0,0,0,0,0,0,0,0,0,0,0,0,0,0,0,0,0,0,0,0,0,1,1,1,1,1,1,1,0,1,0,0,0,0,0,0,0,0,0,0,0,0,0,1,0,1,0,0,0,0,0,1,1,1,1,1,0,0,0,1,1,1,1,1,1,1,1,0,1,1,0,1,0,0,0,0,1,1,1,0,0,0,0,1,1,1,1,1,1,0,0,0,0,0,0,0,1,1,1,1,1,1,1,0,1,1,0,0,0,1,1,1,0,0,0,0,0,0,0,0,0,0,0,0,0,0,0,0,0,0,0,0,36,1992.0,27.0,0.811652409764239,ADCY2
58,109,0,1,1,0,1,0,1,1,1,1,0,0,0,1,0,0,1,0,1,1,1,0,0,0,0,1,1,1,0,1,0,1,1,0,0,1,1,1,0,1,0,0,1,0,0,1,1,1,1,1,1,1,1,1,1,1,1,1,1,1,1,1,1,1,1,0,0,0,0,0,0,0,0,0,0,1,1,1,1,0,0,0,1,1,0,0,1,1,0,0,1,0,0,0,1,1,0,1,0,1,1,0,0,1,0,0,1,0,1,1,1,0,1,1,0,1,0,1,1,0,0,1,0,0,0,1,1,0,0,1,1,0,1,0,1,1,1,0,0,1,1,0,1,1,1,0,0,1,0,1,0,0,0,1,0,0,0,0,1,1,0,0,1,1,0,0,1,0,0,0,1,1,0,1,0,1,1,0,0,1,0,0,1,0,1,1,1,0,1,1,0,1,0,1,1,0,0,1,0,0,0,1,1,0,0,1,1,0,1,0,1,1,1,0,0,1,1,0,1,1,0,0,0,1,0,1,0,0,0,1,0,0,0,1,1,1,1,0,1,1,1,1,1,1,1,1,1,0,0,1,1,1,1,1,1,0,1,1,1,1,1,1,1,1,1,1,1,1,1,0,1,1,1,1,0,1,1,1,1,1,1,1,0,1,1,1,1,1,1,1,1,1,1,1,1,1,1,1,1,1,1,1,1,1,1,1,0,1,1,1,1,0,1,1,1,1,1,1,1,1,1,1,1,1,1,1,1,1,1,1,1,1,1,1,1,1,1,1,1,1,1,1,1,1,1,1,1,1,1,1,1,1,1,1,1,1,1,1,1,1,1,1,0,1,1,1,1,1,1,1,1,1,1,1,1,1,1,1,1,1,1,1,1,1,1,1,1,1,1,1,1,1,1,1,1,1,1,1,1,1,1,1,1,1,1,1,1,1,1,1,1,1,1,1,1,1,1,1,1,1,1,1,1,1,1,1,1,1,1,1,52,1993.0,13.0,0.666727519298978,ADCY3
59,111,1,1,1,1,0,0,1,1,1,1,1,0,0,1,1,1,1,0,1,1,1,0,0,1,0,0,1,1,0,1,0,1,1,0,0,1,1,1,1,1,0,0,1,0,0,1,1,1,1,1,1,1,1,1,1,1,1,1,0,0,1,1,0,1,1,0,1,1,0,1,1,0,0,0,0,1,1,1,1,0,0,0,1,1,0,0,1,1,0,0,1,0,0,0,1,1,0,1,0,1,1,0,0,0,0,0,1,0,1,1,1,0,1,1,0,1,0,1,1,0,0,1,1,0,0,1,1,1,0,1,1,0,1,0,1,1,1,0,0,1,1,0,0,1,0,1,0,1,0,0,0,0,0,1,0,0,0,0,1,1,0,0,1,1,0,0,1,0,0,0,1,1,0,1,0,1,1,0,0,0,0,0,1,0,1,1,0,0,1,1,0,1,0,1,1,0,0,1,1,0,0,1,1,1,0,1,1,0,1,0,1,1,1,0,0,1,1,0,0,1,0,1,0,1,0,0,0,0,0,1,0,0,0,1,1,1,1,0,1,1,1,1,1,1,1,1,1,1,1,1,1,1,1,1,1,0,1,1,1,1,1,0,0,0,0,0,0,0,0,0,0,0,0,0,0,0,0,0,0,0,1,0,0,0,0,0,0,0,0,0,0,0,0,0,0,0,0,0,0,0,0,0,0,0,0,1,0,1,0,0,0,0,1,0,0,0,0,0,0,1,1,1,1,1,1,1,0,0,0,1,1,0,0,0,0,0,0,0,0,0,1,0,0,0,1,1,1,1,1,1,1,1,1,1,0,0,0,0,1,1,1,1,0,1,0,1,0,1,0,1,0,0,0,0,1,1,1,1,1,1,1,0,0,0,1,1,1,0,0,0,0,0,0,0,0,1,0,0,0,1,1,0,0,0,0,0,0,1,1,1,0,0,0,0,0,0,0,0,0,0,1,1,0,0,1,0,0,0,0,0,56,1994.0,7.0,0.508136866263301,ADCY5
60,112,1,1,1,1,0,0,1,1,1,1,1,0,0,1,1,1,1,0,1,1,1,0,0,1,0,0,1,1,0,1,0,1,1,0,0,1,1,1,1,1,0,0,1,0,1,1,1,1,1,1,1,1,1,1,1,1,1,1,1,1,1,1,0,1,1,0,0,0,0,0,0,0,0,0,0,1,1,1,0,0,0,0,1,0,1,0,1,1,0,0,1,0,0,0,1,1,0,1,0,1,1,0,0,0,0,0,1,0,1,1,1,0,1,1,0,1,0,0,1,0,1,1,1,0,0,1,1,1,0,1,1,0,1,0,1,1,1,0,0,0,1,0,0,1,0,1,0,1,0,0,0,0,0,1,0,0,0,0,1,0,1,0,1,1,0,0,1,0,0,0,1,1,0,1,0,1,1,0,0,0,0,0,1,0,1,1,1,0,1,1,0,1,0,0,1,0,1,1,1,0,0,1,1,1,0,1,1,0,1,0,1,1,1,0,0,0,1,0,0,1,0,1,0,1,0,0,0,0,0,1,0,0,0,1,1,1,1,0,1,1,1,1,0,1,0,1,1,0,0,1,1,1,1,1,1,0,1,0,1,1,1,1,1,1,1,1,1,1,0,1,1,1,1,1,1,0,1,0,0,0,1,0,0,1,1,1,1,1,1,0,1,1,1,1,0,1,1,1,0,1,1,0,1,0,0,1,1,1,1,0,0,0,1,1,1,1,1,1,1,1,1,1,1,1,1,0,1,1,1,0,0,0,0,0,0,0,0,1,0,0,1,1,1,1,1,1,1,1,1,1,1,1,1,1,1,1,1,1,0,0,0,0,0,0,0,1,1,1,1,1,1,1,1,1,1,1,1,1,1,1,1,1,1,1,1,1,1,0,0,0,0,1,1,1,1,1,1,1,1,1,1,1,1,1,0,0,0,1,1,1,1,1,1,1,1,1,1,1,1,1,1,1,1,1,1,1,1,1,1,1,47,1994.0,13.0,0.482787398289172,ADCY6
61,114,1,1,1,0,1,0,1,1,1,0,0,0,0,1,1,1,1,0,1,1,1,0,0,1,1,0,1,1,0,1,0,1,1,0,0,1,1,1,0,1,1,1,1,0,0,1,1,1,1,1,1,1,1,1,1,1,1,1,0,0,1,1,0,1,1,0,0,0,1,0,0,1,0,1,1,0,0,0,1,1,0,0,1,0,1,0,1,1,0,0,1,1,0,0,1,1,1,1,1,1,0,1,0,0,1,0,1,1,1,1,0,0,1,1,0,1,0,1,0,0,0,1,1,0,1,1,0,0,0,1,1,1,1,1,1,1,1,1,1,1,1,0,0,0,0,1,0,1,1,1,0,0,0,0,0,1,0,0,1,0,1,0,1,1,0,0,1,1,0,1,1,1,1,1,1,1,0,1,0,0,1,0,1,1,1,1,0,1,1,1,1,0,0,1,0,0,0,1,1,0,1,1,0,0,0,1,1,1,1,1,1,1,1,1,1,1,1,0,0,0,0,1,0,1,1,1,0,0,0,0,0,1,0,1,1,1,1,0,1,1,1,1,1,1,1,1,0,1,0,1,1,1,1,1,1,0,1,0,1,1,1,0,0,0,0,0,0,0,0,0,0,0,0,0,0,0,0,0,0,0,0,0,0,0,0,0,0,0,0,0,0,0,0,0,0,1,0,0,0,0,0,0,1,0,0,0,0,0,0,0,0,0,0,0,0,0,0,0,0,0,0,0,0,0,0,1,0,0,0,0,0,0,0,0,0,0,0,0,0,0,0,0,0,0,0,0,0,0,0,0,0,0,0,0,0,0,0,0,0,0,0,0,0,0,0,0,0,0,0,0,0,0,0,0,0,0,0,0,0,0,0,0,0,0,0,0,0,0,0,0,0,0,0,0,0,0,0,0,0,0,0,0,0,0,0,0,0,0,0,0,0,0,0,0,0,0,0,0,0,0,0,0,0,0,0,0,0,0,0,0,42,1991.0,4.0,0.0988681410390152,ADCY8
62,115,1,1,1,1,0,0,1,1,1,0,1,1,0,1,0,1,1,1,1,1,0,0,0,0,1,0,1,1,0,1,0,1,1,0,0,1,1,1,1,1,1,1,0,1,1,1,1,1,1,1,1,1,1,1,1,1,1,1,1,1,1,1,1,1,1,0,1,0,0,0,1,1,0,0,0,1,1,1,1,0,0,0,1,1,0,0,1,1,0,0,1,1,0,0,1,1,0,1,0,1,1,0,0,1,1,0,1,0,1,1,0,0,1,1,0,1,0,1,1,0,0,1,1,0,0,1,1,0,0,1,1,0,1,0,1,1,1,0,0,1,1,1,1,1,0,0,0,1,0,1,0,0,0,1,0,0,0,0,1,1,0,0,1,1,0,0,1,1,0,0,1,1,0,1,0,1,1,0,0,1,1,0,1,0,1,1,0,0,1,1,0,1,0,1,1,0,0,1,1,0,0,1,1,0,0,1,1,0,1,0,1,1,1,0,0,1,1,1,1,1,0,0,0,1,0,1,0,0,0,1,0,0,0,1,1,1,1,0,1,1,1,1,1,1,1,1,1,1,0,1,1,1,1,1,1,0,1,1,1,1,1,0,1,0,0,1,1,0,0,1,0,1,1,0,1,0,0,0,0,1,1,0,0,0,1,1,1,0,0,0,0,1,1,1,1,1,1,0,0,0,0,0,0,0,0,1,1,1,1,0,1,0,1,1,1,1,1,1,1,0,0,0,0,0,0,0,0,0,0,0,0,0,0,0,0,0,0,0,0,0,0,0,0,0,0,0,0,1,0,1,0,1,1,1,1,1,1,1,0,0,0,0,0,0,0,1,0,0,0,1,1,1,1,1,1,1,1,1,1,1,1,0,0,0,1,1,1,0,0,0,0,0,1,1,1,1,1,1,1,1,1,1,1,1,0,0,0,1,1,1,1,1,1,0,1,1,0,0,0,1,1,1,1,1,0,0,1,1,1,1,37,1996.0,24.0,0.752373252660129,ADCY9
63,116,1,1,0,1,1,1,0,0,0,1,0,1,0,0,1,0,0,1,0,1,0,1,0,1,1,0,1,0,0,1,0,0,1,1,0,0,0,1,1,0,0,0,1,1,1,1,1,1,1,1,1,1,1,1,1,1,1,1,0,0,1,1,0,1,1,0,0,0,0,0,0,1,1,1,0,1,1,1,0,0,0,1,0,0,0,0,0,1,0,1,1,1,0,1,1,1,0,1,1,1,0,0,0,0,1,0,1,0,1,1,0,0,1,1,0,1,0,1,0,0,0,1,1,0,1,1,1,0,0,1,0,0,0,0,1,1,1,1,0,1,1,0,0,0,0,0,0,0,0,0,0,1,1,1,0,0,0,1,0,0,0,0,0,1,0,1,1,1,0,1,1,1,0,1,1,1,0,0,0,0,1,0,1,0,1,1,0,0,1,1,0,1,0,1,0,0,0,1,1,0,1,1,1,0,0,1,0,0,0,0,1,1,1,1,0,1,1,0,0,0,0,0,0,0,0,0,0,1,1,1,0,0,1,0,0,0,1,1,1,1,1,1,1,1,1,1,1,1,1,1,1,1,1,1,1,1,1,0,1,1,1,0,0,0,0,0,0,0,0,0,0,0,0,0,0,0,0,0,0,0,0,0,0,0,0,0,0,0,0,1,0,0,0,0,0,0,0,0,0,0,0,0,0,0,0,0,0,0,0,0,0,0,0,0,0,0,0,0,0,0,0,0,0,0,0,1,0,0,0,0,0,0,0,0,0,0,0,0,1,1,0,0,0,0,0,0,0,0,0,0,1,0,0,0,0,0,0,0,0,0,0,0,0,0,0,0,1,0,0,0,0,0,0,0,0,0,0,0,0,0,0,0,0,0,0,0,0,0,0,0,0,0,0,0,0,0,0,0,0,0,0,0,0,0,0,0,0,0,0,0,0,0,0,0,0,0,0,0,0,0,0,0,0,0,0,0,0,0,0,0,103,1990.0,20.0,0.808940121009806,ADCYAP1
64,118,1,1,1,1,0,0,1,1,1,1,0,1,1,0,1,0,0,1,0,1,1,1,0,0,1,1,1,1,0,1,1,1,0,0,1,0,0,0,0,1,0,1,1,1,0,1,1,1,1,1,1,1,1,1,1,1,1,1,1,1,1,1,1,1,1,1,1,0,0,0,1,0,0,0,0,0,0,1,1,1,1,0,1,1,1,0,0,1,1,1,0,1,1,0,0,1,1,0,0,0,1,0,1,1,1,1,0,0,0,0,1,0,0,0,1,1,1,1,1,1,1,0,1,1,1,1,1,0,1,1,1,1,1,0,1,1,1,0,0,1,1,1,1,0,0,0,1,0,1,0,0,1,0,0,1,1,1,0,1,1,1,0,0,1,1,1,0,1,1,0,0,1,1,0,0,0,1,1,1,1,1,1,0,1,0,0,1,0,0,0,1,1,1,0,1,1,1,0,1,1,1,1,1,0,1,1,1,1,1,1,1,1,1,0,0,1,1,1,0,0,0,0,1,0,1,0,0,1,0,0,1,1,0,1,1,1,1,0,1,1,1,1,1,1,1,1,1,1,1,1,1,1,1,1,1,0,1,0,1,1,1,1,1,1,1,1,1,1,1,1,1,1,1,1,1,1,1,1,1,1,1,1,1,1,1,1,1,1,1,1,1,1,1,1,1,1,1,1,1,1,1,1,1,1,1,1,1,1,1,1,1,1,1,1,1,1,1,1,1,1,1,1,1,1,1,1,1,1,1,1,1,1,1,1,1,1,1,1,1,1,1,1,1,1,1,1,1,1,1,1,1,1,1,1,1,1,1,1,1,1,1,1,1,1,1,1,1,1,1,1,1,1,1,1,1,1,1,1,1,1,1,1,1,1,1,1,1,1,1,1,1,1,1,1,1,1,1,1,1,1,1,1,1,1,1,1,1,1,1,1,1,1,1,1,1,1,1,1,1,1,1,1,1,1,1,1,1,1,1,1,206,1987.0,7.0,0.266012935530983,ADD1
65,119,1,1,1,1,0,0,1,1,1,0,0,0,1,0,0,0,0,1,0,1,0,1,1,0,1,1,1,1,0,0,1,1,0,1,1,0,0,0,0,1,1,1,1,1,0,1,1,1,1,1,1,1,1,1,1,1,1,1,0,0,1,1,1,1,1,0,1,0,0,1,0,0,0,0,0,1,1,1,1,0,1,0,1,1,0,1,1,1,0,0,1,0,1,0,1,1,0,1,0,1,1,0,0,1,1,1,1,1,1,1,0,0,1,1,0,1,0,1,1,0,0,1,1,0,0,0,1,0,0,1,1,0,1,0,1,0,1,0,0,1,1,0,1,0,0,0,0,1,0,0,0,0,0,1,0,0,0,0,1,1,0,1,1,1,0,0,1,1,1,0,1,1,0,1,0,1,1,0,0,1,1,1,1,1,1,1,0,0,1,1,0,1,0,1,1,0,0,1,1,0,0,0,1,0,0,1,1,0,1,0,1,0,1,1,0,1,1,0,1,1,0,0,0,1,0,0,0,0,0,1,0,0,0,1,1,1,1,0,1,1,1,1,1,1,1,1,1,1,1,1,1,1,1,1,1,0,1,0,1,1,1,1,1,0,0,0,0,0,0,1,0,1,0,0,0,1,0,1,0,0,0,0,0,0,1,0,0,1,0,1,1,0,0,0,1,0,0,1,1,1,0,0,0,0,1,0,0,0,0,0,0,0,0,0,0,0,0,0,0,0,0,0,0,1,1,1,0,0,0,0,0,0,0,0,0,0,0,0,0,0,0,0,0,0,0,0,0,0,0,0,0,0,0,0,0,0,0,0,0,0,0,0,0,0,0,0,0,0,0,0,0,0,0,0,0,0,0,0,0,0,0,0,0,0,0,0,0,1,1,1,1,0,0,0,0,0,0,0,0,0,0,0,0,0,0,0,0,0,0,0,0,0,0,0,0,0,0,0,0,0,0,0,0,0,0,0,0,0,0,0,56,1987.0,24.0,0.757328395576883,ADD2
66,120,0,0,1,1,0,0,1,1,1,0,0,1,1,0,0,1,1,1,0,1,1,1,1,0,1,1,1,1,0,1,1,1,0,1,1,0,0,0,0,1,1,1,0,1,1,1,1,1,1,1,1,1,1,1,1,1,1,1,1,1,1,1,1,0,0,0,0,0,1,1,1,1,1,1,1,0,0,0,1,1,1,1,0,1,1,1,0,0,1,1,0,1,1,1,1,1,1,0,1,0,0,1,1,0,0,1,0,1,0,0,1,1,0,0,1,0,1,0,0,1,1,0,0,0,1,0,0,1,1,0,0,1,1,1,1,0,1,1,1,0,0,1,0,0,0,0,1,0,0,1,0,1,0,0,1,1,1,1,0,1,1,1,0,0,1,1,0,1,1,1,1,1,1,0,1,0,0,1,1,0,0,1,0,1,0,0,1,1,0,0,1,0,1,0,0,1,1,0,0,0,1,0,0,1,1,0,0,1,1,1,1,0,1,1,1,0,0,1,0,0,0,0,1,0,0,1,0,1,0,0,1,1,1,0,0,0,1,1,1,1,1,1,1,1,1,1,1,1,1,1,1,1,1,1,1,0,1,0,1,1,1,1,1,1,1,1,1,1,1,1,1,1,1,1,1,1,1,1,1,1,0,1,1,1,1,1,1,0,1,1,1,1,1,1,1,1,1,1,1,1,1,1,1,1,1,1,1,1,1,1,1,1,1,1,1,1,1,1,1,1,1,1,1,1,1,1,1,1,1,1,1,1,1,1,1,1,1,1,1,1,1,1,1,1,1,1,1,1,1,1,1,1,1,1,1,1,1,1,1,1,1,1,1,1,1,1,1,1,1,1,1,1,1,1,1,1,1,1,1,1,1,1,1,1,1,1,1,1,1,1,1,1,1,1,1,1,1,1,0,1,1,1,1,1,1,1,1,1,1,1,1,1,1,1,1,1,1,1,1,1,1,1,1,1,1,1,1,1,1,1,40,1994.0,35.0,0.839036094304194,ADD3
67,123,1,0,0,0,1,1,0,0,0,1,0,1,0,0,0,0,0,1,0,1,1,0,1,0,1,1,1,1,0,1,0,0,0,0,0,0,0,0,0,0,1,1,0,0,0,1,1,1,1,1,1,1,1,1,1,1,1,1,1,1,1,1,0,1,1,1,1,1,0,0,1,0,0,0,1,0,0,1,0,1,1,1,1,1,1,0,1,1,1,0,1,0,1,0,0,1,1,0,1,0,1,0,0,0,0,0,0,0,0,0,1,1,1,0,0,0,1,0,0,1,1,1,0,1,0,0,1,0,1,0,1,1,1,1,1,0,1,1,1,1,0,1,0,0,0,0,0,0,0,0,1,0,1,0,1,1,1,1,1,1,1,0,1,1,1,0,1,0,1,0,0,1,1,0,1,1,1,0,0,0,0,0,0,0,0,0,1,1,1,0,0,0,0,0,0,1,1,1,0,1,0,0,1,0,1,0,1,1,1,1,1,0,1,1,1,1,0,1,0,0,0,0,0,0,0,0,1,0,1,0,1,1,1,0,0,1,0,0,1,1,1,1,0,1,1,0,0,0,0,1,1,1,1,1,1,0,1,0,1,1,1,0,1,1,1,1,1,0,0,0,0,0,0,1,1,1,1,1,1,1,1,1,1,1,1,1,1,0,1,0,1,1,1,1,1,0,1,0,1,1,1,1,0,1,1,1,1,1,1,1,1,1,1,1,1,1,1,1,1,1,1,1,1,0,1,1,1,1,1,1,1,1,1,1,1,1,1,1,1,1,1,1,1,1,1,1,1,1,1,1,1,1,1,1,1,1,1,1,1,1,1,1,1,1,1,1,1,1,1,1,1,1,1,1,1,1,1,1,1,1,1,1,1,1,1,1,1,1,1,1,1,1,1,1,1,1,1,1,1,1,1,1,1,1,1,1,1,1,1,1,1,1,1,1,1,1,1,1,1,1,1,1,1,1,1,1,1,0,1,1,71,1992.0,41.0,0.88817024827874,PLIN2
68,124,1,0,0,0,0,1,0,0,0,1,1,0,0,1,1,0,1,1,0,1,0,0,0,0,0,1,1,1,0,0,0,0,0,0,0,1,1,1,1,0,0,0,0,1,0,1,1,1,1,1,1,1,1,1,1,1,1,1,0,0,1,1,0,1,1,1,1,1,1,1,1,1,1,1,1,0,0,0,0,1,1,1,1,1,0,0,1,0,1,0,0,0,1,0,1,1,1,0,0,0,0,1,0,0,0,1,0,0,0,0,1,1,0,0,1,0,0,0,0,1,1,0,0,1,1,1,1,1,1,1,1,1,0,1,1,0,1,0,1,0,0,0,1,1,0,1,1,0,0,1,1,1,1,0,1,1,1,1,1,1,0,1,1,0,1,0,0,0,1,0,1,1,1,0,0,0,0,1,0,0,0,1,0,0,0,0,1,1,0,0,1,0,0,0,0,1,1,0,0,1,1,1,1,1,1,1,1,1,0,1,1,0,1,0,1,0,0,0,1,1,0,1,1,0,0,1,1,1,1,0,1,1,1,0,0,0,0,1,1,1,1,1,1,1,1,0,0,0,0,0,0,0,1,1,1,0,1,1,1,1,1,0,0,0,0,0,0,0,0,0,0,0,0,0,0,0,0,0,0,0,0,0,0,0,0,0,0,0,0,0,0,0,0,0,0,0,0,0,0,0,0,0,0,0,0,0,0,0,0,1,1,1,0,0,0,0,0,0,0,0,0,0,0,0,0,0,0,0,0,0,0,0,0,0,0,0,0,0,0,0,0,0,0,0,1,1,1,0,0,0,0,0,0,0,0,0,0,0,0,0,0,0,0,0,0,1,1,0,0,0,0,0,0,0,0,0,0,0,0,0,0,0,0,0,0,0,0,0,0,0,0,0,0,0,0,0,0,0,0,0,0,0,0,0,0,0,0,0,0,0,0,0,0,0,1,0,0,0,0,0,0,0,0,0,0,0,0,0,0,0,44,1976.0,10.0,0.539223868141039,ADH1A
69,127,1,0,0,0,0,1,0,0,0,1,1,1,0,1,1,0,1,1,0,0,0,0,0,0,0,1,1,1,0,0,0,0,0,0,0,1,1,1,1,0,1,0,0,1,0,1,1,1,1,1,1,1,1,1,1,1,1,1,0,0,1,1,0,1,1,1,0,0,0,0,0,1,1,1,1,0,0,0,0,1,1,1,0,0,1,0,1,0,1,1,0,0,1,1,1,0,1,0,0,0,0,1,1,0,0,0,0,0,0,0,0,1,0,0,1,0,0,1,0,1,1,0,0,1,1,0,0,1,1,0,0,1,0,1,1,0,1,1,0,0,0,1,1,1,0,1,1,1,0,1,0,1,0,0,1,1,1,1,0,0,1,1,1,0,1,1,0,0,1,1,1,0,1,0,0,0,0,1,1,0,0,0,0,0,0,0,0,1,0,0,1,0,0,1,0,1,1,0,0,1,1,0,0,1,1,1,0,1,0,1,1,0,1,0,0,0,0,0,1,1,0,1,1,1,0,1,0,1,0,0,1,1,1,0,0,0,0,1,1,1,1,1,1,1,1,0,0,0,0,0,0,0,1,1,1,1,1,1,1,1,1,0,0,0,0,0,0,0,0,0,0,0,0,0,1,0,0,0,0,0,0,0,0,0,0,0,0,0,0,0,0,0,0,0,0,0,0,0,0,0,0,0,0,0,0,0,0,0,0,1,1,1,0,0,0,0,0,0,0,0,0,0,0,0,0,0,0,0,0,0,0,0,0,0,0,0,0,0,0,0,0,0,0,0,0,0,0,0,0,0,0,0,0,0,0,0,0,0,0,0,0,0,0,0,0,0,0,0,0,0,0,0,0,0,0,0,0,0,0,0,0,0,0,0,0,0,0,0,0,0,0,0,0,0,0,0,0,0,0,0,0,0,0,0,0,0,0,0,0,0,1,0,0,0,1,1,0,0,0,0,0,0,0,0,0,0,0,0,0,0,58,1976.0,14.0,0.757250156478197,ADH4
70,128,1,0,0,0,0,1,0,0,0,1,1,0,1,1,1,0,1,1,0,1,0,0,0,0,0,1,1,1,0,0,0,0,0,0,0,1,1,1,1,0,0,0,0,0,0,1,1,1,1,1,1,1,1,1,1,1,1,1,1,1,1,1,1,1,1,0,1,1,1,1,1,1,1,1,1,0,0,0,0,1,1,1,0,1,0,1,0,0,1,0,0,0,1,1,1,0,1,0,0,0,0,1,1,0,0,1,0,0,0,0,0,0,0,0,0,1,1,0,0,1,1,0,1,1,1,0,0,1,1,1,1,1,0,1,1,0,1,1,0,0,0,1,0,1,0,1,1,0,1,1,1,1,1,0,1,1,1,1,0,1,0,1,0,0,1,0,0,0,1,1,1,0,1,0,0,0,0,1,1,0,0,1,0,0,0,0,0,0,0,0,0,1,1,0,0,1,1,0,1,1,1,0,0,1,1,1,1,1,0,1,1,0,1,1,0,0,0,1,0,1,0,1,1,0,1,1,1,1,1,0,1,1,1,0,0,0,0,1,1,1,1,1,0,1,0,0,1,0,1,1,1,1,1,1,1,0,1,1,1,1,1,1,1,1,1,1,1,1,1,1,1,1,1,1,1,1,1,1,1,1,1,1,1,1,1,1,1,1,1,1,1,1,1,1,1,1,1,1,1,1,1,1,1,1,1,1,1,1,1,1,1,1,1,1,1,1,1,1,1,1,1,1,1,1,1,1,1,1,1,1,1,1,1,1,1,1,1,1,1,1,1,1,1,1,1,1,1,1,1,1,1,1,1,1,1,1,1,1,1,1,1,1,1,1,1,1,1,1,1,1,1,1,1,1,1,1,1,1,1,1,1,1,1,1,1,1,1,1,1,1,1,1,1,1,1,1,1,1,1,1,1,1,1,1,1,1,1,1,1,1,1,1,1,1,1,1,1,1,1,1,1,1,1,1,1,1,1,1,1,1,66,1984.0,15.0,0.618401836010849,ADH5
71,130,0,0,0,0,1,1,0,0,0,1,1,0,0,1,1,0,1,1,0,0,0,0,0,0,0,1,1,1,0,0,0,0,0,0,0,1,1,1,1,0,1,0,0,1,0,1,1,1,1,1,1,1,1,1,1,1,1,1,0,0,1,1,1,1,1,0,0,0,0,0,0,1,0,1,1,0,0,0,0,1,1,1,0,1,1,1,1,0,1,0,0,0,1,1,1,0,1,0,1,0,0,0,1,0,0,0,0,0,0,0,0,1,0,0,0,0,1,0,0,1,1,1,0,1,1,1,0,1,1,1,1,1,0,1,1,0,1,1,1,0,0,1,0,1,0,1,1,0,1,1,1,1,1,0,1,1,1,1,0,1,1,1,1,0,1,0,0,0,1,1,1,0,1,0,1,0,0,0,1,0,0,0,0,0,0,0,0,1,0,0,0,0,1,0,0,1,1,1,0,1,1,1,0,1,1,1,1,1,0,1,1,0,1,1,1,0,0,1,0,1,0,1,1,0,1,1,1,1,1,0,1,1,1,0,0,0,0,1,1,1,1,1,1,1,1,0,0,0,1,0,0,0,1,1,1,0,1,1,1,1,1,0,0,0,0,0,0,0,0,0,0,0,0,0,1,0,0,0,0,0,0,0,0,0,0,0,0,0,0,0,0,0,0,0,0,0,0,0,0,0,0,0,0,0,0,1,1,1,1,1,1,1,0,0,0,0,0,0,0,0,0,0,0,0,0,0,0,0,0,0,0,0,0,0,0,0,0,0,0,0,0,0,0,0,0,0,0,0,0,0,0,0,0,0,0,0,0,0,0,0,0,0,0,0,0,0,1,0,0,0,0,0,0,0,0,0,0,0,0,0,0,0,0,0,0,0,0,0,0,0,0,0,0,0,0,0,0,0,0,1,0,1,1,1,0,0,0,0,0,0,1,1,1,1,1,1,1,0,0,1,1,1,1,1,0,1,1,0,0,0,22,1976.0,15.0,0.749556645107448,ADH6
72,131,0,0,0,0,0,1,0,0,0,0,1,1,0,1,1,0,1,1,0,1,0,0,0,0,0,1,1,1,0,0,0,0,0,0,0,1,1,1,1,0,1,0,0,0,0,1,1,1,1,1,1,1,1,1,1,1,1,1,0,0,1,1,0,1,1,0,0,0,0,0,0,1,0,1,1,0,0,0,0,1,1,1,0,1,0,1,1,1,1,0,0,0,0,1,1,1,1,0,0,0,0,1,1,0,0,0,0,0,1,0,0,0,0,0,0,0,1,0,0,1,1,0,0,1,1,1,0,1,1,1,1,1,0,1,1,0,1,0,1,0,0,0,1,1,0,1,1,0,0,1,1,1,1,0,1,1,1,1,0,1,0,1,1,1,1,0,0,0,0,1,1,1,1,0,0,0,0,1,1,0,0,0,0,0,1,0,0,0,0,0,0,0,1,0,0,1,1,0,0,1,1,1,0,1,1,1,1,1,0,1,1,0,1,0,1,0,0,0,1,1,0,1,1,0,0,1,1,1,1,0,1,1,1,0,0,0,0,1,1,1,1,1,0,1,0,0,0,0,0,0,0,0,1,1,1,0,1,1,1,1,1,0,0,0,0,0,0,0,0,0,0,0,0,0,0,0,0,0,0,0,0,0,0,0,0,0,0,0,0,0,0,0,0,0,0,0,0,0,0,0,0,0,0,0,0,0,0,0,0,0,0,0,0,0,0,0,0,0,0,0,0,0,0,0,0,0,1,1,1,0,0,0,0,0,0,0,0,0,0,0,0,0,0,0,0,0,0,0,0,0,0,0,0,0,0,0,0,0,0,0,0,0,0,0,0,0,0,0,0,0,0,0,0,0,1,1,1,0,0,0,0,0,0,0,0,0,0,0,0,0,0,0,0,0,0,0,0,0,0,0,0,0,0,0,1,1,1,0,0,0,0,0,0,0,0,0,0,0,0,0,0,0,0,0,0,0,0,0,0,0,54,1976.0,17.0,0.978093052368037,ADH7
73,132,0,0,1,1,1,0,0,0,0,1,0,1,1,1,0,1,1,1,0,1,1,0,1,0,0,1,1,0,0,0,1,0,1,1,1,1,0,1,0,0,0,0,1,0,1,1,1,1,1,1,1,1,1,1,1,1,1,1,1,1,1,1,1,1,1,1,0,1,1,0,0,0,0,1,1,0,0,0,1,1,1,1,0,1,1,1,0,0,1,1,0,0,0,1,1,1,1,0,1,0,0,1,1,0,0,0,0,0,0,0,0,0,0,0,1,0,1,0,1,1,1,0,0,1,1,0,0,0,1,0,0,1,0,1,1,0,1,1,1,0,0,1,1,0,0,1,0,0,1,1,1,1,1,0,1,1,1,1,0,1,1,1,0,0,1,1,0,0,0,1,1,1,1,0,1,0,0,1,1,0,0,0,0,0,0,0,0,0,0,0,1,0,1,1,0,1,1,0,0,1,1,0,0,0,1,1,0,1,0,1,1,0,1,1,1,0,0,1,1,0,0,1,0,0,1,1,1,1,1,0,1,1,1,0,0,0,0,1,1,1,1,1,1,1,0,0,0,0,1,0,0,0,1,1,1,0,1,0,1,1,1,1,1,1,1,1,1,1,1,1,1,1,1,1,1,1,1,1,1,1,1,1,1,1,1,1,1,1,1,1,1,1,1,1,1,1,1,1,1,1,1,1,1,1,1,1,1,1,1,1,1,1,1,1,1,1,1,1,1,1,1,1,1,1,1,1,1,1,1,1,1,1,1,1,1,1,1,1,1,1,1,1,1,1,1,1,1,1,1,1,1,1,1,1,1,1,1,1,1,1,1,1,1,1,1,1,1,1,1,1,1,1,1,1,1,1,1,1,1,1,1,1,1,1,1,1,1,1,1,1,1,1,1,1,1,1,1,1,1,1,1,1,1,1,1,1,1,1,1,1,1,1,1,1,1,1,1,1,1,1,1,1,1,1,1,1,1,1,1,1,38,1976.0,16.0,0.596938243271438,ADK
74,134,1,1,0,0,1,1,1,0,0,1,1,0,0,1,0,0,1,0,1,1,1,1,0,0,0,0,1,1,1,1,0,0,1,0,0,1,1,1,1,0,0,0,1,0,0,1,1,1,1,1,1,1,1,1,1,1,1,1,0,0,1,1,1,1,1,1,0,1,0,0,0,1,1,0,0,1,1,1,1,0,0,0,1,1,0,0,1,0,0,0,0,1,0,0,1,1,1,1,0,1,0,0,0,1,1,1,1,0,1,1,0,0,1,0,1,0,0,0,1,0,0,1,1,0,0,1,0,0,0,1,1,0,0,1,1,1,1,0,0,1,1,0,0,1,1,0,0,1,0,0,0,0,0,1,0,0,0,0,1,1,0,0,1,0,0,0,0,0,0,0,1,1,1,1,0,0,0,0,0,1,1,1,1,0,1,1,0,0,1,1,0,0,0,0,0,0,0,1,1,0,0,0,0,0,0,1,1,0,0,1,1,1,1,0,0,1,1,0,0,1,1,0,0,1,0,0,0,0,0,1,0,0,0,1,1,1,0,0,1,1,1,1,0,1,0,1,1,1,1,1,1,1,1,1,1,1,1,1,1,1,1,0,0,0,0,0,1,0,0,0,0,0,0,0,0,0,0,0,0,0,1,0,0,0,1,0,1,0,0,0,0,1,0,0,0,1,0,1,0,0,0,0,0,0,0,0,0,0,0,0,0,0,1,1,0,0,0,0,0,0,0,0,0,1,1,1,0,0,0,0,1,0,0,0,0,0,0,0,0,0,0,0,0,0,0,0,0,0,0,0,0,0,0,0,0,0,0,1,1,1,1,1,1,1,1,0,0,0,0,0,0,0,0,0,0,0,0,0,1,1,1,0,0,0,0,0,0,0,0,0,0,1,0,0,0,0,0,0,0,0,0,0,0,0,0,0,0,0,0,0,0,0,0,0,0,0,0,0,0,0,0,0,0,0,0,0,0,0,0,0,100,1987.0,13.0,0.549081994575423,ADORA1
75,136,1,0,0,0,0,1,0,0,0,1,1,0,0,1,0,0,1,0,1,1,1,0,0,0,0,1,1,1,1,1,0,0,1,0,0,1,1,1,1,0,1,0,1,0,1,1,1,1,1,1,1,1,1,1,1,1,1,1,1,1,1,1,1,1,1,0,0,0,0,0,0,1,1,1,0,1,1,1,1,0,0,0,1,0,1,0,1,1,1,0,0,1,1,0,1,1,1,1,0,0,0,1,0,1,0,0,1,1,0,0,0,0,1,1,1,1,0,0,0,0,1,1,1,1,0,0,1,1,1,1,1,1,0,1,1,1,1,1,1,0,1,0,1,1,1,1,0,1,0,1,0,1,0,0,1,1,0,0,1,0,1,0,1,1,1,0,0,1,1,0,1,1,1,1,0,0,0,0,0,1,0,0,1,1,0,0,0,0,1,1,1,1,0,0,0,0,1,1,1,1,0,0,1,0,1,1,1,1,0,1,1,1,1,1,0,0,1,0,1,1,1,1,0,1,0,1,0,1,0,1,0,1,0,1,1,1,0,0,1,1,1,1,0,1,0,0,0,0,0,0,0,0,1,1,1,1,1,0,1,1,1,1,1,0,0,0,1,1,0,0,1,1,0,1,1,0,1,0,0,0,1,0,0,0,0,1,0,0,1,0,0,0,0,0,0,0,1,1,0,0,1,0,1,0,1,0,0,0,0,0,0,0,0,0,0,0,0,0,0,0,0,0,0,0,0,0,0,0,0,0,0,0,0,0,0,0,0,0,0,0,0,0,0,0,0,0,0,0,0,0,0,0,0,0,0,1,0,0,0,0,0,0,0,0,0,0,0,0,0,0,0,0,0,0,0,0,0,0,0,0,0,0,1,0,0,0,0,0,0,0,0,0,0,0,0,0,0,0,0,0,0,0,0,0,0,0,0,0,0,0,0,0,0,0,0,0,0,1,0,1,1,1,1,1,0,0,0,0,0,0,98,1992.0,33.0,0.903113916127686,ADORA2B
76,142,0,0,1,0,1,0,1,1,1,0,0,1,1,0,1,0,1,1,0,1,1,0,0,0,1,0,1,1,1,1,1,1,0,1,1,0,0,0,1,1,0,0,0,0,0,1,1,1,1,1,1,1,1,1,1,1,1,1,1,1,1,1,1,0,0,0,1,1,0,0,1,0,0,0,0,1,1,1,1,1,1,1,1,1,0,0,0,1,0,0,0,0,1,1,1,1,0,0,0,0,1,0,0,0,0,0,0,0,0,0,1,0,1,0,1,1,1,1,1,1,0,1,1,0,0,0,1,1,1,1,1,1,1,0,1,1,1,1,0,1,1,1,0,1,1,0,1,1,0,0,0,0,0,0,1,1,1,1,1,1,0,0,0,1,0,0,0,0,1,1,1,1,0,0,0,0,1,0,0,0,0,0,0,0,0,0,1,0,1,0,1,1,1,1,1,1,0,1,1,0,1,0,1,1,1,1,1,1,1,0,1,1,1,1,0,1,1,1,0,1,1,0,1,0,0,0,0,0,0,0,1,1,1,0,0,1,1,0,1,1,1,1,1,1,1,1,1,1,0,1,1,1,1,1,1,0,1,1,1,1,1,1,1,1,1,1,1,1,1,1,1,1,1,1,1,1,1,1,1,1,1,1,1,1,1,1,1,1,1,1,1,1,1,1,1,1,1,1,1,1,1,1,1,1,1,1,1,1,1,1,1,1,1,1,1,1,1,1,1,1,1,1,1,1,1,1,1,1,1,1,1,1,1,1,1,1,1,1,1,1,1,1,1,1,1,1,1,1,1,1,1,1,1,1,1,1,1,1,1,1,1,1,1,1,1,1,1,1,1,1,1,1,1,1,1,1,1,1,1,1,1,1,1,1,1,1,1,1,1,1,1,1,1,1,1,1,1,1,1,1,1,1,1,1,1,1,1,1,1,1,1,1,1,1,1,1,1,1,1,1,1,1,1,1,1,1,1,1,1,1,817,1982.0,8.0,0.359482578760693,PARP1
77,143,0,0,1,0,1,1,1,1,1,0,1,1,1,1,0,1,1,1,1,0,0,1,1,0,1,1,1,1,0,0,1,1,1,0,1,1,1,0,0,1,1,1,1,0,1,1,1,1,1,1,1,1,1,1,1,1,1,1,1,1,1,1,1,1,1,0,0,0,0,0,0,0,1,0,1,0,0,0,1,1,1,1,0,0,1,1,0,0,1,1,0,0,1,1,0,0,1,0,1,0,0,1,1,0,1,1,0,0,0,0,0,1,1,0,1,0,1,0,0,1,1,0,0,1,1,0,0,1,1,0,0,1,1,1,1,0,1,0,0,0,1,1,0,0,0,1,1,0,1,1,0,1,0,0,1,1,1,1,0,0,1,1,0,0,1,1,0,0,1,1,0,0,1,0,1,0,0,1,1,0,1,1,0,0,0,0,0,1,1,0,1,0,1,0,0,1,1,0,0,1,1,0,0,1,1,0,0,1,1,1,1,0,1,0,0,0,1,1,0,0,0,1,1,0,1,1,0,1,0,0,1,1,1,0,0,0,1,1,1,1,1,1,1,1,0,1,0,0,0,1,1,1,1,1,1,1,1,0,1,1,1,1,1,1,1,1,1,1,1,1,1,1,1,1,1,1,1,1,1,1,1,1,1,1,1,1,1,1,1,1,1,1,1,0,1,1,1,1,1,1,1,1,1,1,1,1,1,1,1,1,1,1,1,1,1,1,1,1,1,1,1,1,1,1,0,0,1,1,1,1,1,1,1,1,1,1,1,1,1,1,1,1,1,1,1,1,1,1,1,1,1,1,1,1,1,1,1,1,1,1,0,1,0,0,0,1,1,1,1,1,1,1,1,1,1,1,1,1,1,1,1,1,1,1,1,1,1,1,1,1,1,1,1,1,0,1,0,1,1,1,1,1,1,1,1,1,1,1,1,1,1,1,1,1,1,1,1,1,1,1,1,1,1,1,1,1,1,1,1,1,37,1994.0,7.0,0.300829334446067,PARP4
78,147,1,1,0,1,1,1,1,1,0,1,1,0,0,1,1,0,1,0,1,0,1,1,0,1,1,1,1,0,1,0,0,1,1,0,0,1,1,1,1,1,1,0,0,1,0,1,1,1,1,1,1,1,1,1,1,1,1,1,0,0,0,0,0,1,1,0,0,1,0,0,1,0,0,0,1,1,0,0,1,0,0,0,1,1,0,0,1,1,0,0,0,1,0,0,1,0,0,1,0,1,0,0,0,1,1,0,1,0,0,1,1,1,0,1,1,0,0,1,0,0,0,1,1,0,0,1,0,0,0,1,1,0,0,1,1,1,1,0,0,1,0,0,0,1,1,0,0,1,1,0,0,0,0,1,0,0,0,0,1,1,0,0,1,1,0,0,1,0,0,0,1,0,0,1,0,0,0,0,0,1,1,0,1,0,1,1,1,1,1,1,0,1,0,1,0,0,0,1,1,0,0,1,1,0,0,1,1,0,1,0,1,1,1,0,0,1,1,0,0,1,1,0,0,1,1,0,0,0,0,1,0,0,0,1,1,1,0,0,1,1,1,1,1,1,1,0,0,0,0,1,1,1,1,1,1,0,1,1,1,1,1,0,0,0,0,0,0,0,0,1,0,0,0,0,0,0,0,0,0,0,0,0,0,0,0,0,0,0,0,0,0,0,0,0,0,0,0,0,0,0,0,0,0,0,0,0,0,0,0,0,0,0,0,0,0,0,0,0,0,0,0,0,0,0,1,0,0,0,0,1,1,1,1,0,0,0,0,0,0,0,0,0,0,0,0,0,0,0,0,0,0,0,0,0,0,0,0,0,0,0,0,0,0,0,0,0,0,0,0,0,0,0,0,0,0,0,0,0,0,0,0,0,0,0,0,0,0,0,0,0,0,0,0,0,0,0,0,0,0,0,0,0,0,0,0,0,0,0,0,0,0,0,0,0,0,0,0,0,0,0,0,0,0,0,0,0,0,0,0,1,64,1991.0,3.0,0.0136918422699771,ADRA1B
79,148,1,1,0,0,0,1,1,1,0,0,1,0,0,1,1,0,1,0,1,0,0,0,0,0,1,0,1,1,1,1,0,1,1,0,0,1,1,1,1,1,1,0,0,1,0,1,1,1,1,1,1,1,1,1,1,1,1,1,0,0,1,1,1,1,1,0,0,0,0,0,0,0,1,1,1,0,0,0,1,1,0,0,1,1,0,0,1,1,0,0,1,1,0,1,1,0,1,1,1,1,0,0,0,1,1,0,1,0,1,0,0,1,1,1,0,0,0,0,0,0,0,1,1,0,0,1,1,0,0,1,1,0,1,1,1,1,1,0,1,1,1,1,1,1,1,1,0,1,0,0,0,0,0,1,0,0,0,0,1,1,0,0,1,1,0,0,1,1,0,1,1,0,1,1,1,1,0,0,0,1,1,0,1,0,1,0,0,1,1,1,0,0,0,0,0,0,0,1,1,0,0,1,1,0,0,1,1,0,0,1,1,1,1,0,1,1,1,1,1,1,1,1,0,1,0,0,0,0,0,1,0,0,0,1,1,1,0,0,1,1,1,1,0,1,0,0,0,1,1,0,0,0,1,1,1,1,1,1,1,1,1,0,0,0,0,0,0,0,0,0,0,0,0,0,0,0,0,0,0,0,0,0,0,0,0,0,0,0,0,0,0,0,0,0,0,0,0,0,0,0,0,0,0,0,0,0,0,0,0,1,1,1,0,0,0,0,0,0,0,1,0,0,1,0,0,0,0,0,0,1,1,0,1,0,0,0,0,0,0,0,0,0,0,0,1,0,1,0,0,0,0,0,0,0,0,0,0,0,0,0,0,0,0,0,0,0,0,0,0,0,0,0,0,0,0,0,0,1,1,0,0,0,0,0,0,0,0,0,0,0,0,0,0,1,0,0,0,0,0,0,0,0,0,0,0,0,0,0,0,0,0,0,0,0,0,0,0,0,0,0,0,0,0,0,0,0,0,0,0,0,110,1993.0,7.0,0.543187982474442,ADRA1A
80,154,1,1,0,1,0,1,1,1,0,0,1,0,0,1,1,1,1,0,0,1,1,0,1,0,0,1,1,1,1,1,0,0,1,0,0,1,1,1,0,0,1,1,0,0,0,1,1,1,1,1,1,1,1,1,1,1,1,1,0,0,1,1,0,1,1,1,0,0,1,1,0,1,0,1,0,1,1,1,0,0,0,0,1,0,1,0,0,1,1,0,1,1,0,0,1,1,1,1,0,0,1,1,0,0,0,0,1,0,1,0,1,0,1,1,1,0,0,0,0,0,0,1,0,0,0,1,1,0,0,1,1,0,0,1,1,1,1,1,1,1,0,1,0,1,1,1,0,1,0,1,0,0,0,1,0,0,0,0,1,0,1,0,0,1,1,0,1,1,0,0,1,1,1,1,1,0,1,1,0,0,0,0,1,0,1,0,1,0,1,1,1,0,0,0,0,0,0,1,0,0,0,1,1,0,0,1,1,0,0,1,1,1,1,1,1,1,0,1,0,1,1,1,0,1,0,1,0,0,0,1,0,0,0,1,1,0,0,1,1,1,1,1,1,1,1,0,0,0,0,0,0,0,1,1,1,1,1,0,1,1,1,1,0,0,0,0,0,0,0,0,1,0,0,0,0,0,1,0,1,0,0,0,1,0,0,1,0,1,0,0,0,0,0,0,0,0,0,0,0,0,0,0,0,1,0,0,0,0,0,0,1,0,0,0,1,1,1,1,1,1,0,1,1,0,0,0,0,0,0,0,0,0,0,0,0,0,0,0,0,0,0,0,0,0,1,1,1,0,1,0,0,0,0,0,0,0,1,0,0,0,0,0,0,0,0,0,0,0,0,0,0,0,0,0,1,0,1,0,0,0,0,0,0,0,0,0,0,1,1,1,1,0,0,0,1,1,1,1,1,0,0,0,0,0,0,0,0,0,0,0,0,0,0,0,0,0,0,0,0,0,0,0,0,0,0,0,0,0,0,0,910,1975.0,48.0,0.961375964948884,ADRB2
81,155,1,1,0,1,1,1,1,0,0,1,1,0,0,1,0,0,0,0,1,0,0,1,0,1,0,1,1,1,1,0,0,0,1,0,0,1,1,1,1,0,0,0,1,1,0,1,1,1,1,1,1,1,1,1,1,1,1,1,0,0,1,1,0,1,1,1,1,1,1,1,0,0,0,1,0,1,1,1,0,0,0,0,1,0,0,0,1,0,1,0,0,0,0,0,0,0,0,1,0,0,0,0,0,1,1,0,1,0,1,1,1,1,1,1,1,1,0,0,0,0,0,1,1,0,0,1,1,0,0,1,1,1,0,0,1,1,1,0,0,0,1,1,0,1,1,0,0,1,1,0,0,0,0,1,0,0,0,0,1,0,0,0,1,0,1,0,0,0,0,0,0,0,0,1,0,0,0,0,0,1,1,0,1,0,1,1,1,1,1,1,1,1,0,0,0,0,0,1,1,1,0,1,1,0,0,1,1,1,0,0,1,1,1,0,0,0,1,1,0,1,1,0,0,1,1,0,1,0,0,1,0,0,0,1,1,1,0,0,1,1,1,1,1,1,1,1,1,1,1,1,1,1,1,1,1,0,1,1,1,1,1,0,0,0,0,0,0,0,0,0,0,0,0,0,0,0,0,0,0,0,0,0,0,0,0,0,0,0,0,0,0,0,0,0,0,0,0,0,0,0,0,0,0,0,0,0,0,0,0,0,0,0,0,0,0,0,0,0,0,0,0,0,0,0,0,0,0,0,0,0,0,0,0,0,0,0,0,0,0,0,0,0,0,0,0,0,0,0,0,0,0,0,0,0,0,0,0,0,0,0,0,0,0,0,0,0,0,0,0,0,0,0,0,0,0,0,0,0,0,0,0,0,0,0,1,0,0,0,0,0,0,0,0,0,0,0,0,0,0,0,0,0,0,0,0,0,0,0,0,0,0,0,0,0,0,0,0,0,0,0,0,0,0,0,0,0,0,0,0,0,312,1991.0,4.0,0.13214583767995,ADRB3
82,158,1,1,1,0,1,0,0,1,1,1,1,1,1,1,0,1,1,0,1,1,0,0,1,1,0,1,1,0,0,0,1,1,0,1,1,1,1,1,0,1,0,0,1,0,1,1,1,1,1,1,1,1,1,1,1,1,1,1,0,1,0,0,1,0,0,1,1,0,1,1,0,0,0,0,1,0,0,1,1,1,1,1,0,1,0,1,0,0,1,0,0,0,1,1,1,1,1,0,0,0,1,1,0,0,0,0,0,1,1,1,1,0,0,0,1,0,1,1,0,1,1,1,1,1,0,0,0,1,1,0,1,1,1,1,1,0,1,1,1,0,0,1,1,1,0,1,1,1,1,1,0,1,0,0,1,1,1,1,0,0,0,1,0,0,1,1,0,0,1,1,1,1,1,0,0,1,1,1,0,0,0,0,0,1,1,1,1,0,0,0,1,0,1,1,1,1,1,1,1,1,0,0,0,1,1,0,1,0,0,1,1,0,1,1,1,0,0,1,0,1,0,1,1,1,1,1,0,1,0,0,1,1,1,0,0,1,0,1,1,1,1,1,0,0,0,0,0,0,0,0,0,0,1,1,1,1,1,1,1,1,1,1,1,1,1,1,1,1,1,1,1,1,1,1,1,1,1,1,1,1,1,1,1,1,1,1,1,1,1,1,1,1,1,1,1,1,1,1,1,1,1,1,1,1,1,1,1,1,1,1,1,1,1,1,1,1,1,1,1,1,1,1,1,1,1,1,1,1,1,1,1,1,1,1,1,1,1,1,1,1,1,1,1,1,1,1,1,1,1,1,1,1,1,1,1,1,1,1,1,1,1,1,1,1,1,1,1,1,1,1,1,1,1,1,1,1,1,1,1,1,1,1,1,1,1,1,1,1,1,1,1,1,1,1,1,1,1,1,1,1,1,1,1,1,1,1,1,1,1,1,1,1,1,1,1,1,1,1,1,1,1,1,1,1,1,1,1,1,1,1,57,1992.0,8.0,0.344278113916128,ADSL
83,160,1,1,1,1,0,0,1,1,1,1,0,1,0,1,0,0,1,1,1,0,1,1,1,0,0,0,1,1,0,1,0,1,0,0,0,1,1,1,0,1,0,0,1,0,1,1,1,1,1,1,1,1,1,1,1,1,1,1,0,0,1,1,0,1,1,1,0,1,0,0,0,1,1,0,0,1,1,1,1,0,0,0,1,1,0,0,1,1,0,0,1,0,0,0,1,0,0,1,0,0,1,0,0,1,1,0,1,0,1,1,1,0,1,1,0,1,0,1,1,0,0,1,1,0,0,1,1,0,0,1,1,0,1,0,1,1,1,0,0,1,1,0,1,1,0,1,0,1,0,0,0,0,0,1,0,0,0,0,1,1,0,0,1,1,0,0,1,0,0,0,1,0,0,1,0,0,1,0,0,1,1,0,1,0,1,1,1,0,1,1,0,1,0,1,1,0,0,1,1,0,0,1,1,0,0,1,1,0,1,0,1,1,1,0,0,1,1,0,1,1,0,1,0,1,0,0,0,0,0,1,0,0,0,1,1,1,1,0,1,1,1,1,1,1,1,1,1,1,1,1,1,1,1,1,1,1,1,0,1,1,1,1,1,1,1,1,1,1,1,1,1,1,1,1,1,1,1,1,1,1,1,1,1,1,1,1,1,1,1,1,1,1,1,1,1,1,1,1,1,1,1,1,1,1,1,1,1,1,1,1,1,1,1,1,1,1,1,1,1,1,1,1,1,1,1,1,1,1,1,1,1,1,1,1,1,1,1,1,1,1,1,1,1,1,1,1,1,1,1,1,1,1,1,1,1,1,1,1,1,1,1,1,1,1,1,1,1,1,1,1,1,1,1,1,1,1,1,1,1,1,1,1,1,1,1,1,1,1,1,1,1,1,1,1,1,1,1,1,1,1,1,1,1,1,1,1,1,1,1,1,1,1,1,1,1,1,1,1,1,1,1,1,1,1,1,1,1,1,1,1,104,1989.0,9.0,0.464218652201127,AP2A1
84,161,1,1,1,1,0,0,1,1,1,1,0,1,0,1,0,0,1,0,1,0,1,0,1,0,1,1,1,1,0,0,0,1,0,0,0,1,1,1,0,1,0,1,1,0,1,1,1,1,1,1,1,1,1,1,1,1,1,1,1,1,1,1,1,1,1,1,1,1,1,0,0,1,1,0,0,1,1,1,1,0,0,0,1,1,0,0,1,1,0,0,1,0,1,0,1,0,0,1,0,1,1,0,0,1,1,0,1,0,1,1,0,0,1,1,0,1,0,1,1,0,0,1,1,1,0,0,0,1,0,1,1,0,1,0,1,1,1,0,0,1,1,1,0,1,0,0,0,1,1,1,0,0,0,1,0,0,0,0,1,1,0,0,1,1,0,0,1,0,1,0,1,0,0,1,0,1,1,0,0,1,1,0,1,0,1,1,0,0,1,1,0,1,0,1,1,0,0,1,1,0,0,0,0,1,0,1,1,0,1,0,1,1,1,0,0,1,1,1,0,1,0,0,0,1,1,1,0,0,0,1,0,0,0,1,1,1,1,0,1,1,1,1,0,1,0,1,0,1,1,0,0,0,1,1,1,1,1,0,1,1,1,1,1,1,1,1,1,1,1,1,1,1,1,1,1,1,1,1,1,1,1,1,1,1,1,1,1,1,1,1,1,1,1,1,1,1,1,1,1,1,1,1,1,1,1,1,1,1,1,1,1,1,1,1,1,1,1,1,1,1,1,1,1,1,1,1,1,1,1,1,1,1,1,1,1,1,1,1,1,1,1,1,1,1,1,1,1,1,1,1,1,1,1,1,1,1,1,1,1,1,1,1,1,1,1,1,1,1,1,1,1,1,1,1,1,1,1,1,1,1,1,1,1,1,1,1,1,1,1,1,1,1,1,1,1,1,1,1,1,1,1,1,1,1,1,1,1,1,1,1,1,1,1,1,1,1,1,1,1,1,1,1,1,1,1,1,1,1,1,1,82,1989.0,9.0,0.426872522428542,AP2A2
85,164,0,1,1,1,0,0,1,1,1,1,0,1,0,0,0,0,1,0,1,1,1,0,1,0,0,1,1,1,0,0,0,1,0,0,0,1,1,1,0,1,1,1,1,0,1,1,1,1,1,1,1,1,1,1,1,1,1,1,1,1,1,1,1,0,0,1,0,1,0,1,0,0,0,0,1,0,0,0,1,1,1,1,0,0,1,1,0,1,1,1,0,0,1,1,1,1,1,0,1,0,0,1,1,0,0,1,0,1,0,1,1,1,0,0,1,0,1,0,0,1,1,0,0,1,1,0,0,1,1,1,0,1,1,1,1,0,1,1,1,0,0,1,1,0,0,1,1,0,1,1,0,1,0,0,1,1,1,1,0,0,1,1,0,1,1,1,0,0,1,1,1,1,1,0,1,0,0,1,1,0,0,1,0,1,0,1,1,1,0,0,1,0,1,0,0,1,1,0,0,1,1,0,0,1,1,1,0,1,1,1,1,0,1,1,1,0,0,1,1,0,0,1,1,0,1,1,0,1,0,0,1,1,1,0,0,0,1,1,1,1,1,1,0,1,1,1,0,1,0,1,1,1,1,1,1,1,1,0,1,1,1,1,1,1,1,1,1,1,1,1,1,1,1,1,1,1,1,1,1,1,1,1,1,1,1,1,1,1,1,1,1,1,1,1,1,1,1,1,1,1,1,1,1,1,1,1,1,1,1,1,1,1,1,1,1,1,1,1,1,1,1,1,1,1,1,1,1,1,1,1,1,1,1,1,1,1,1,1,1,1,1,1,1,1,1,1,1,1,1,1,1,1,1,1,1,1,1,1,1,1,1,1,1,1,1,1,1,1,1,1,1,1,1,1,1,1,1,1,1,1,1,1,1,1,1,1,1,1,1,1,1,1,1,1,1,1,1,1,1,1,1,1,1,1,1,1,1,1,1,1,1,1,1,1,1,1,1,1,1,1,1,1,1,1,1,1,1,1,1,1,77,1994.0,10.0,0.484221781765074,AP1G1
86,166,0,1,1,1,0,0,0,0,0,1,0,1,0,0,0,1,0,1,1,1,0,0,1,0,1,0,1,0,0,1,1,0,0,0,1,0,0,0,0,0,1,1,1,0,1,1,1,1,1,1,1,1,1,1,1,1,1,1,1,1,1,1,1,1,1,0,1,1,0,0,1,0,0,0,0,1,1,1,0,0,0,1,1,1,0,0,1,0,0,0,0,1,0,0,1,1,0,1,1,1,1,0,0,1,1,0,1,1,0,0,1,1,1,1,0,1,0,1,1,0,0,1,1,0,0,1,1,1,0,1,0,0,0,0,1,1,1,0,0,1,1,0,0,0,0,1,0,0,1,0,1,0,1,1,0,0,0,0,1,1,0,0,1,0,0,0,0,1,0,0,1,1,0,1,1,1,1,0,0,1,1,0,1,0,0,0,1,1,1,1,0,0,0,1,1,1,0,1,1,0,0,1,1,1,0,1,0,0,0,0,1,1,1,0,0,1,1,0,0,0,0,1,0,0,1,0,1,0,1,1,0,0,0,1,1,1,0,0,1,1,1,1,0,1,0,1,1,1,1,1,1,1,1,1,1,0,1,0,1,1,1,1,1,1,1,1,1,1,1,1,1,1,1,1,1,1,1,1,1,1,1,1,1,1,1,1,1,1,1,1,1,1,1,1,1,1,1,1,0,1,1,1,1,1,1,1,1,1,1,1,1,1,1,1,1,1,1,1,1,1,1,1,1,1,1,1,1,1,1,1,1,1,1,1,1,1,1,1,1,1,1,1,1,1,1,1,1,1,1,1,1,1,1,1,1,1,1,1,1,1,1,1,1,1,1,1,1,1,1,1,1,1,1,1,1,1,1,1,1,1,1,1,1,1,1,1,1,1,1,1,1,1,1,1,1,1,1,1,1,1,1,1,1,1,1,1,1,1,1,1,1,1,1,1,1,1,1,1,1,1,1,1,1,1,1,1,1,1,1,1,49,1993.0,10.0,0.559670352597538,AES
